"1st ID Expiry Date";"Première date d'expiration ID"
"1st ID Number";"1er numéro ID"
"1st ID type";"1er type ID"
"2G/3G service";"Services 2G/3G"
"2nd ID Expiry Date";"2ème date d'expiration ID"
"2nd ID Number";"Numéro d'identification deuxième"
"2nd ID type";"Type ID deuxième"
"active";"Est-il actif?"
"address";"Adresse"
"allowEmpty";"Laissez vide?"
"applog";"LOG demande"
"Attach scanned signed contract:";"Fixez numérisée contrat signé:"
"Attached scanned ID document";"Attaché document d'identité numérisée"
"Automatic Reload?";"Recharger automatique?"
"Barcode";"Barcode"
"billingaddress";"Adresse de facturation"
"Birth Date";"Date de naissance"
"birthdate";"Date de naissance"
"cardtypes";"Types de cartes"
"CCard Number";"Nombre CCard"
"CCard Owner";"Propriétaire CCard"
"CCard Type";"Type de CCard"
"ccnumChecksum";"Ce numéro de carte de crédit n'est pas valide"
"Change Password";"Changer mot de passe"
"city";"Ville"
"city";"Ville"
"City";"Ville"
"classname";"Nom de classe"
"Clear";"Effacer"
"code";"Court code interne"
"Confirm";"Confirmer"
"Confirm";"Confirmer"
"Confirm New Password";"Confirmer le nouveau mot"
"Contract Duration";"Durée du contrat"
"contractraw";"Contractez les données RAW"
"contracts";"Contrats"
"countries";"Pays"
"countries_id";"Pays"
"County";"Comté"
"Credit Card";"Carte de crédit"
"CTC SIM Card Number";"Numéro de la CCT carte SIM"
"custname";"Nom du client d'abord"
"custname2";"Nom du client Dernière"
"Customer Identification";"Identification du client"
"Customer Identification [new activation]";"Identification du client"
"Customer Name";"Nom du client"
"customers";"Clientèle"
"customers_id";"Client"
"customertype";"Types de clients"
"customertype_id";"Type de client"
"CVC Number";"Nombre CVC"
"Date";"Date"
"datecreation";"Date de création"
"datemodification";"Date de modification"
"Dealer Login";"Accès revendeurs"
"desc";"Description"
"description";"Description"
"Donor MSISDN";"Donateurs MSISDN"
"Donor Operator Name";"Nom de l'opérateur donneur d'"
"E-Mail Address";"Adresse e-mail"
"elementname";"Nom de l'élément"
"email";"Adresse e-mail"
"email";"Adresse e-mail"
"ERRLENGTH";"La longueur de ce champ n'est pas juste"
"Errors:";"Erreurs:"
"ERROTHERCNT";"L'un des champs autres informations de contact doit être rempli pour un client post-payé"
"ERRSIMNR";"Le numéro de la carte SIM n'est pas valide"
"ERRWRIDNUM";"Cet ID document n'est pas valable"
"Expiry Month";"Mois d'expiration"
"Expiry Year";"Année d'expiration"
"fax";"Numéro de fax"
"FLNAMES";"Ce champ contient des caractères non autorisés"
"flows";"Flux"
"flows_id";"Flux"
"fname";"Prénom"
"form";"Formes"
"form_id";"Formulaire de nom"
"formdisplaygroup";"Afficher groupe"
"formelements";"Champs"
"FormelementsFormdisplaygroup";"Afficher les groupes"
"FormelementsFormfilters";"Filtres"
"FormelementsFormvalidators";"Validateurs"
"formelementsjsfilter";"Champs libs Javascript"
"formelementsjsfilter_id";"JS lib nom"
"formelementsjsfilterparams";"JS params"
"formelementtypes";"Types de champs"
"formelementtypes_id";"Type d'élément"
"formfilters";"Valeur de filtre"
"formraw";"Les formulaires enregistrés"
"formvalidators";"Valeur de validation"
"Gender";"Gendercompanyname"
"generationdate";"Date de génération"
"Go Back";"Revenir en arrière"
"Go Back to Login";"Retour à Connexion"
"Hao Kan card number/C4 credit card";"Hao Kan carte number/C4 carte de crédit"
"Home Phone";"Téléphone à la maison"
"homephone";"Numéro de téléphone à domicile"
"idcardexpd1";"Document d'identité n ° 1 date d'expiration"
"idcardexpd2";"Document d'identité n ° 2 date d'expiration"
"idcardnbr1";"Document d'identité n ° 1 numéro"
"idcardnbr2";"Document d'identité n ° 2 nombre"
"isocode";"Code ISO"
"Itemized Bill?";"Détaillés du projet de loi?"
"JCB";"JCB"
"label";"Étiquette"
"languages";"Langues"
"languages_id";"Langue"
"listvals";"Les listes de valeurs"
"listvalsgroups";"Listes de valeurs des groupes"
"listvalsgroups_id";"Groupe de liste de valeurs"
"listzhcounty";"Comtés chinois"
"listzhtownship";"Cantons chinois"
"lname";"Nom de famille"
"Login";"Login"
"login";"Login"
"Loss";"Perte"
"loyacardnbr";"Numéro de la carte de fidélisation"
"LR ID Expiry Date";"LR ID Date d'expiration"
"LR ID Number";"LR Numéro d'identification"
"LR ID Type";"LR ID du type de"
"LR Phone";"Téléphone LR"
"LR's Name";"LR Nom"
"maritalstatus";"Etat civil"
"Married?";"Marié?"
"MasterCard";"MasterCard"
"mdname";"Deuxième prénom"
"Migration";"Migration"
"MNP";"MNP"
"Monthly";"Mensuel"
"msisdn";"Numéro de GSM"
"MSISDN";"MSISDN"
"name";"Nom"
"nationalities";"Nationalités"
"nationalities_id";"Nationalité"
"Nationality";"Nationalité"
"nationality";"Nationalité"
"New Activation";"Activation Nouveau"
"New Password";"Nouveau mot de passe"
"New SIM Number";"Nouveau numéro de la carte SIM"
"Next";"Suivant"
"Office Phone";"Téléphone Bureau"
"officephone";"Téléphone au bureau"
"Old Password";"Ancien mot de passe"
"Option";"Option"
"order";"Ordre"
"Other MSISDN";"MSISDN Autre"
"othermsisdn";"Autre numéro de GSM"
"parent_id";"lié à"
"password";"Mot de passe"
"Password";"Mot de passe"
"password2";"Re-type password"
"Payment Information";"Conditions de vente"
"Payment Method";"Mode de paiement"
"paymentmethods";"Modes de paiement"
"Permanent address";"Addresscompanyname permanent"
"phone";"Numéro de téléphone"
"phone";"Numéro de téléphone"
"Please complete or correct the field(s) in the red boxes and click on NEXT";"S'il vous plaît compléter ou de corriger le domaine (s) dans les cases rouges et cliquez sur SUIVANT"
"Please complete or correct the field(s) in the red boxes and click on VALIDATE";"S'il vous plaît compléter ou de corriger le domaine (s) dans les cases rouges et cliquez sur VALIDER"
"Postpaid";"Port payé"
"Postpaid to Prepaid";"Postpaid Prépayé"
"Pre-assigned Number?";"Pré-sélection de numéro?"
"Prepaid";"Prépayé"
"Prepaid to Postpaid";"Prepaid Postpaid à"
"Previous";"Précédent"
"Print";"Imprimer"
"printable";"Est-printable?"
"Product & Services";"Produits & Services"
"Product & Services [new activation]";"Produits & Services"
"province";"État / Province"
"rawdata";"Les objets sérialisés"
"REJECT 1";"Ce client est de moins de 20 ans"
"REJECT 10";"03 du risque client"
"REJECT 2";"Ce client est de moins de 20 ans"
"REJECT 3";"Cet identifiant client a expiré"
"REJECT 4";"Au cours de votre numéro de carte prépayée limitation"
"REJECT 5";"Au fil postpayés limitation quant au nombre de cartes"
"REJECT 6";"Au fil postpayés limitation quant au nombre de cartes"
"REJECT 7";"Au cours de votre numéro de carte prépayée limitation"
"REJECT 8";"01 du risque client"
"REJECT 9";"02 du risque client"
"REJECTCCNOTVALID";"La carte de crédit a expiré"
"REJECTCCNOTVALID";"La carte de crédit a expiré"
"REJECTSEXNOTMACH";"Le genre choisi ne mach les informations du document d'identification fourni"
"Reload Frequency";"Recharger Fréquence"
"Reload Limit";"Recharger limite"
"Reload Method";"Recharger méthode"
"Reload Value";"Recharger Valeur"
"Replacement Reason";"Raison de remplacement"
"required";"Est nécessaire?"
"Salesman ID";"ID vendeur"
"Same billing address?";"Même adresse de facturation?"
"Search";"Rechercher"
"services";"Services"
"sex";"Sexe"
"Sign";"Signer"
"sim";"Numéro de la carte SIM"
"SIM Card Identification";"Carte SIM d'identification"
"SIM Card Identification [new activation]";"Carte SIM d'identification"
"SIM Card Number";"Numéro de la carte SIM"
"Sim SWAP";"SWAP Sim"
"state";"État ou canton"
"Store ID/Store Stamp";"ID magasin / boutique Stamp"
"street";"Nom de la rue"
"Street Name + Number";"Nom de la rue + numéro"
"streetnum";"Numéro de rue"
"Tariff plan";"Plan tarifaire"
"tariffplans";"Tariffplans"
"tariffplans_id";"Plan tarifaire"
"Techn Problem";"Reporter un problème Techn"
"Time";"Temps"
"url";"Site web url"
"users";"Utilisateurs"
"users_id";"Utilisateur"
"usersgroups";"Les groupes d'utilisateurs"
"usersgroups_id";"Groupe"
"userspos";"Utilisateurs point de vente"
"userspos_id";"Point de vente"
"userspostype";"Utilisateurs Point of Sale types"
"userspostype_id";"Type de point de vente"
"valid";"Valable oui / non"
"Validation";"Validation"
"validfromdate";"Valable à partir du"
"validtodate";"Valable pour"
"value";"Valeur"
"VISA";"VISA"
"When limit is reached";"Lorsque la limite est atteinte"
"Wished porting date ";"Date de portage souhaité"
"Wrong Usage";"Utilisation incorrecte"
"Your password has been changes successfully";"Votre mot de passe a été avec succès les changements"
"zip";"Code postal / Code postal"
"ZIP Code";"Code postal / Code postal"
"BDATENOTVALID";"Date de naissance doit être plus tard 01/01/1900"
"default";"Maison"
"admindashboard";"Tableau de bord"
"adminpages";"Pages"
"adminfiles";"Fichiers"
"adminpeople";"Personnes"
"adminsnippets";"Snippets"
"adminapplications";"Applications"
"adminnews";"Nouvelles"
"adminanalytics";"Analytique"
"admincalendar";"Calendrier"
"applog";"Système: Application Connexion"
"companies";"Sydney: les entreprises"
"countries";"Sydney: les pays"
"filfiles";"Fichiers: Fichiers éléments"
"filfolders";"Fichiers: Dossiers"
"filtype";"Fichiers: types"
"form";"Forme: les formes"
"formcat";"Forme: Catégories de forme"
"formdisplaygroup";"Forme: Afficher les groupes (blocs)"
"formelements";"Forme: éléments de formulaire (champs)"
"formelementsjsfilter";"Forme: JS filtres"
"formelementtypes";"Forme: éléments de types"
"formfilters";"Forme: filtres"
"formraw";"Forme: premières données du formulaire"
"formvalidators";"Forme: validateurs"
"hosclients";"Hébergement de gestion des clients:"
"hoscontacts";"Hébergement de gestion: Personnes-ressources"
"hosdomainnames";"Hébergement de gestion: Domaines"
"hoshostings";"Hébergement de gestion: plans d'hébergements"
"hosservers";"Hébergement de serveurs de gestion:"
"languages";"Système: Langue"
"listvals";"Forme: Les listes de valeurs"
"listvalsgroups";"Forme: groupes de la liste de valeurs"
"pagdivs";"Pages: DIV (contenu)"
"pagdivtypes";"Pages: divs types"
"pagmenus";"Pages: Menus"
"pagstructure";"Pages: Structure"
"safactivitylog";"Sydney: journal d'activité"
"safcontrollers";"Sydney: Contrôleurs"
"safinstances";"Sydney: Webinstances"
"safmodules";"Sydney: Modules"
"temp";"Système: temp"
"tmscompanies";"Timeshoot: Sociétés"
"tmsprojects";"Timeshoot: Projets"
"tmssubprojects";"Timeshoot: sous-projets"
"tmstasks";"Timeshoot: Tâches"
"tmstimesheets";"Timeshoot: feuilles de temps"
"users";"Sydney: Utilisateurs"
"usersgroups";"Sydney: Users'Groups"
"general.intdesc";"Type de fichier"
"general.filesize";"Poids"
"general.filemtime";"Date de création"
"img.width";"Largeur"
"img.height";"Hauteur"
"img.COMPUTED.ApertureFNumber";"Ouverture"
"img.IFD0.Make";"Caméra faire"
"img.IFD0.Model";"Modèle d'appareil"
"img.IFD0.DateTime";"Date de prise de"
"img.EXIF.ExposureTime";"Temps d'exposition"
"img.EXIF.ISOSpeedRatings";"ISO"
"img.EXIF.Flash,""Flash used""";
"img.EXIF.FocalLength";"Focale"
"img.EXIF.ImageUniqueID";"ID de l'image unique"
"video.hasaudio";"A audio"
"video.hasvideo";"Doté d'une vidéo"
"video.framewidth";"Largeur"
"video.frameheight";"Hauteur"
"video.framecount";"Total des images"
"video.framerate";"Frame rate"
"video.duration";"Durée"
"video.bitrate";"Bitrate"
"video.videocodec";"Codec vidéo"
"video.audiocodec";"Codec audio"
"video.audiosamplerate";"Taux d'échantillonnage audio"
"video.audiochannels";"Canaux audio"
"video.audiobitrate";"Bitrate audio"
"video.videobitrate";"Bitrate vidéo"
"img.IFD0.HostComputer";"Ordinateur hôte"
"img.EXIF.ShutterSpeedValue";"Vitesse d'obturation"
"img.EXIF.ApertureValue";"Ouverture"
"img.EXIF.ExposureIndex";"Indice d'exposition"
"mp3.mediaType";"Type de support"
"mp3.title";"Titre"
"mp3.publisher";"Éditeur"
"mp3.genre";"Genre"
"mp3.album";"Album"
"mp3.track";"Track #"
"mp3.recTime";"Date d'enregistrement"
"mp3.band";"Bande"
"mp3.composer";"Compositeur"
"mp3.artist";"Artiste"
"mp3.length";"Longueur"
"safmodules_id";"Module"
"bugtypes_id";"Type de bug"
"comment";"Commenter"
"safinstances_id";"Ainsi site web"
"admin";"Administrateur général"
"admindb";"DB Admin"
"admindeveloper";"Développeur d'administration"
"adminoet";"Administrateur outil de saisie des commandes"
"oet";"Publique outil de saisie des commandes"
"safdoc";"Sydney Docs"
"adminlanguage";"Gestion des langues"
"adminhelp";"Aider"
"admininvoicer";"Invoicer"
"adminplanner";"Planificateur"
"adminsidebars";"Encadrés"
"adminsongbird";"Oiseau chanteur"
"admintimeshoot";"Timeshoot"
"adminusers";"Utilisateurs / Personnes"
"publicms";"Site Web public"
"admindbexplorer";"DB explorateur"
"admincloudfiles";"Fichier nuage"
"adminbugtrack";"Outil de suivi des bogues"
"adminagenda";"Ordre du jour"
"title";"Titre"
"labelTitleHelp";"Nouvelles / Titre de l'article apearing dans la vue liste"
"shortdesc";"Description courte"
"labelShortdescHelp";"Nouvelles / article de synthèse, maximum 255 caractères apearing également dans la vue liste"
"redirectto";"Rediriger les nouvelles sur une page ou d'un fichier"
"labelRedirecttoHelp";"Si cela est remplie, les nouvelles seront un lien vers ce fichier / Page et le contenu ne sera pas affiché"
"pubdate";"Date de publication"
"labelPubdateHelp";"Officiel apearing date de publication de la liste d'affichage"
"onlinefromdate";"En ligne"
"labelOnlinefromdateHelp";"Date à laquelle de nouvelles / article sera apear sur le site"
"expirationdate";"Ligne jusqu'à ce que"
"labelExpirationdateHelp";"Date à laquelle de nouvelles / article sera effacé"
"online";"Publié"
"labelOnlineHelp";"Si elle est cochée, et si la date du jour se situe entre le 'en ligne de »et« en ligne jusqu'à ce que «les nouvelles dates seront visibles sur le site."
"author";"Auteur"
"labelAuthorHelp";"L'auteur et / ou de l'éditeur de ces nouvelles / article"
"companyname";"Raison sociale"
"contactname";"Nom du contact"
"trace.event.create_content_page";"Page de contenu créé"
"trace.event.update_content_page";"Page de contenu mis à jour"
"trace.event.delete_content_page";"Page de contenu supprimé"
"trace.event.create_page";"Nouvelle page créée"
"trace.event.update_page";"Page mise à jour"
"trace.event.delete_page";"Supprimé Page"
"trace.event.upload_file";"Fichier téléchargé"
"trace.event.update_file";"Fichier mis à jour"
"trace.event.delete_file";"Fichier supprimé"
"trace.event.create_news";"Nouvelles créée"
"trace.event.update_news";"Nouvelles mises à jour"
"trace.event.delete_news";"Nouvelles supprimé"
"trace.event.create_content_news";"Nouvelles contenu créé"
"trace.event.update_content_news";"Nouvelles contenu mis à jour"
"trace.event.delete_content_news";"Nouvelles contenu supprimé"
"trace.event.publish_news_0";"Nouvelles publiées"
"trace.event.publish_news_1";"Nouvelles inédites"
"trace.event.restore_page";"Page restauré"
"trace.event.settorecyclebin_page";"Supprimé Page"
"trace.event.publish_page";"Page publiée"
"trace.event.unpublish_page";"Page inédites"
"trace.event.reorder_page";"Structure de la page réorganisés"
"trace.event.update_page_properties";"Propriétés de la page modifiées"
"trace.event.update_advanced_properties";"Propriétés avancées de la page modifiées"
"trace.event.action.publishnews";"nouvelles publiées"
"trace.event.action.unpublishnews";"nouvelles inédites"
"trace.event.action.createcontent";"élément de contenu (s) créée"
"trace.event.action.publispage";"page (s) a publié"
"trace.event.action.unpublishpage";"page (s) non publiée"
"trace.event.action.updatepageorder";"page (s) re-commandé"
"trace.event.action.updatecontent";"élément de contenu (s) Mise à jour"
"trace.event.action.deletecontent";"élément de contenu (s) supprimé"
"trace.event.action.deletefile";"fichier (s) supprimé"
"trace.event.action.updatefile";"fichier (s) à jour"
"trace.event.action.uploadfile";"fichier (s) téléchargé"
"trace.event.action.restorecontent";"contenu restauré"
"trace.event.action.deletenews";"nouvelles supprimés"
"trace.event.action.update";"élément de page (s) Mise à jour"
"trace.event.action.insert";"élément de page (s) inséré"
"trace.event.action.delete";"élément de page (s) supprimée"
"trace.event.action.publishdiv";"élément de page (s) a publié"
"trace.event.action.unpublishdiv";"élément de page (s) défini comme projet de"
"trace.event.action.createevent";"programme de l'événement (s) créé"
"trace.event.action.updateevent";"programme de l'événement (s) Mise à jour"
"trace.event.action.delevent";"programme de l'événement (s) supprimé"
"trace.event.action.createpage";"page (s) ajouté"
"trace.event.action.updatepage";"page (s) modifié propriétés"
"trace.event.action.update_workflow_status";"élément de page (s) statut mis à jour"
"trace.event.action.insertnews";"nouvelles inséré"
"trace.event.action.updatenews";"nouvelles mises à jour"
"UPLOAD_ERR_OK";"Le fichier téléchargé avec succès."
"UPLOAD_UNKNOW_ERROR";"Erreur inconnue."
"UPLOAD_ERR_INI_SIZE";"Le fichier téléchargé excède la directive upload_max_filesize dans php.ini."
"UPLOAD_ERR_FORM_SIZE";"Le fichier téléchargé excède la MAX_FILE_SIZE qui a été spécifié dans le formulaire HTML."
"UPLOAD_ERR_PARTIAL";"Le fichier n'a été que partiellement téléchargé."
"UPLOAD_ERR_NO_FILE";"Aucun fichier n'a été téléchargé."
"UPLOAD_ERR_NO_TMP_DIR";"Manquantes dans un dossier temporaire."
"UPLOAD_ERR_CANT_WRITE";"Impossible d'écrire le fichier sur le disque."
"UPLOAD_ERR_EXTENSION";"Une extension PHP a arrêté le téléchargement de fichiers. PHP ne fournit pas un moyen de déterminer ce qui a causé l'extension du fichier téléchargé est d'arrêter; l'examen de la liste des extensions chargées avec la fonction phpinfo () peut aider."
"lastpwdchanges";"Dernière modification de passe"
"laststatuschange";"Dernier changement d'état"
"lastlogindate";"Dernière connexion"
"modifieddate";"Dernière modification de"
"unsubscribedate";"Date de désactivation"
"subscribedate";"Date de création"
"You";"Vous"
"You are ";"Vous êtes"
"Your email adress ";"Votre adresse email"
"Your message";"Votre message"
"Your message's subject";"Votre message sujet"
"Your message";"Votre message"
"Your message ";"Votre message"
"For security reason, please enter the code below";"Pour des raisons de sécurité, s'il vous plaît entrer le code ci-dessous"
"submit";"Soumettre"
"gototop";"Haut de la page"
"Keywords";"Mots-clés"
"ifyoulostyourpassword";"Si vous avez perdu votre mot de passe ou si vous voulez réinitialiser votre mot de passe, s'il vous plaît remplir les informations ci-dessous et un nouveau mot de passe vous sera envoyé par e-mail."
"Publicmailinglist_sendemailsuccessAction";"Je vous remercie! Un courriel a été envoyé à votre boîte aux lettres, s'il vous plaît suivez le lien dans cet email pour valider votre inscription à notre newsletter."
"Publicmailinglist_sendemailerrorAction";"Une erreur s'est produite, nous ne pouvions pas inscrire votre e-mail. S'il vous plaît contacter notre support."
"Publicmailinglist_optinconfirmAction";"Merci pour la confirmation. Vous êtes maintenant inscrit à notre newsletter."
"Publicmailinglist_processAction";"Je vous remercie! Un courriel a été envoyé à votre boîte aux lettres, s'il vous plaît suivez le lien dans cet email pour valider votre inscription à notre newsletter."
"Publicmailinglist_optoutconfirmAction01";"Merci, vous avez été supprimé de notre base de données"
"Publicmailinglist_optoutconfirmAction02";"Vous ne serez pas non enregistrée. Comme vous avez coché aucune case."
"Sydney_Mailinglist_Optingin_getTextOptinContent";"Merci de votre inscription à notre liste de diffusion. Pour valider votre inscription, s'il vous plaît cliquer sur le lien ci-dessous:"
"Sydney_Mailinglist_Optingin_sendSubscriptionConfirmationEmail";"confirmation abonnement à la newsletter"
"Abkhazian";"Abkhazie"
"Access rights";"Les droits d'accès"
"Add a list of links to news";"Ajouter une liste de liens vers les nouvelles"
"Add news based on their categorie(s)";"Ajouter nouvelles en fonction de leur catégorie (s)"
"Add the content of a news within this page";"Ajouter le contenu d'une nouvelles dans cette page"
"adminforms2";"adminforms2"
"administrator";"administrateur"
"adminmailinglist";"adminmailinglist"
"Adresse e-mail";"Adresse e-mail"
"Afar";"Au loin"
"AFGHANISTAN";"AFGHANISTAN"
"Afrikaans";"Afrikaans"
"Akan";"Akan"
"ALAND ISLANDS";"Åland, Îles"
"ALBANIA";"ALBANIE"
"Albanian";"Albanais"
"ALGERIA";"ALGÉRIE"
"AMERICAN SAMOA";"SAMOA AMÉRICAINES"
"Amharic";"Amharique"
"Analytics";"Analytique"
"ANDORRA";"ANDORRE"
"ANGOLA";"ANGOLA"
"ANGUILLA";"ANGUILLA"
"ANTARCTICA";"ANTARCTIQUE"
"ANTIGUA AND BARBUDA";"ANTIGUA-ET-BARBUDA"
"Apps";"Applications"
"Arabic";"Arabe"
"Aragonese";"Aragon"
"ARGENTINA";"ARGENTINE"
"ARMENIA";"ARMÉNIE"
"Armenian";"Arménien"
"ARUBA";"ARUBA"
"Assamese";"Assamais"
"AUSTRALIA";"AUSTRALIE"
"AUSTRIA";"AUTRICHE"
"authuser";"authuser"
"Auto-redirect to";"Auto-redirection"
"Avaric";"Avar"
"Avestan";"Avestique"
"Aymara";"Aymara"
"AZERBAIJAN";"AZERBAÏDJAN"
"Azerbaijani";"Azerbaïdjanais"
"BAHAMAS";"BAHAMAS"
"BAHRAIN";"BAHREÏN"
"Bambara";"Bambara"
"BANGLADESH";"BANGLADESH"
"BARBADOS";"BARBADE"
"Bashkir";"Bashkir"
"Basque";"Basque"
"BELARUS";"BELARUS"
"Belarusian";"Biélorusse"
"BELGIUM";"BELGIQUE"
"BELIZE";"BELIZE"
"Bengali";"Bengali"
"BENIN";"BÉNIN"
"BERMUDA";"BERMUDES"
"BHUTAN";"BHOUTAN"
"Bihari";"Bihari"
"Bislama";"Bichlamar"
"BOLIVIA";"BOLIVIE"
"BOSNIA AND HERZEGOVINA";"BOSNIE-HERZÉGOVINE"
"Bosnian";"Bosniaque"
"BOTSWANA";"BOTSWANA"
"BOUVET ISLAND";"BOUVET ISLAND"
"BRAZIL";"BRÉSIL"
"Breton";"Breton"
"BRITISH INDIAN OCEAN TERRITORY";"British Indian Ocean Territory"
"Browse the server";"Parcourir le serveur"
"BRUNEI DARUSSALAM";"BRUNEI DARUSSALAM"
"BULGARIA";"BULGARIE"
"Bulgarian";"Bulgare"
"BURKINA FASO";"BURKINA FASO"
"Burmese";"Birman"
"BURUNDI";"BURUNDI"
"Caching properties are used to accelerate the page display for content which will not change often. You can chose here if this page can be ""cacheable"" and how long the cached page will be used.";"Propriétés de mise en cache sont utilisées pour accélérer l'affichage des pages de contenu qui ne change pas souvent. Vous pouvez choisir ici si cette page peut être ""mise en cache"" et combien de temps la page en cache sera utilisé."
"CAMBODIA";"CAMBODGE"
"CAMEROON";"CAMEROUN"
"Can be cached ?";"Peut être mis en cache?"
"CANADA";"CANADA"
"Cancel";"Annuler"
"CAPE VERDE";"CAP-VERT"
"Cards";"Cartes"
"Catalan";"Catalan"
"Categorie(s)";"Catégorie (s)"
"Categories";"Catégories"
"CAYMAN ISLANDS";"ILES CAYMAN"
"cell";"cellule"
"CENTRAL AFRICAN REPUBLIC";"REPUBLIQUE CENTRAFRICAINE"
"CHAD";"TCHAD"
"Chamorro";"Chamorro"
"Chechen";"Tchétchène"
"Chichewa";"Chichewa"
"CHILE";"CHILI"
"CHINA";"CHINE"
"Chinese";"Chinois"
"Choose one or several menus where this item will show up.";"Choisissez un ou plusieurs menus où cet article sera affiché."
"CHRISTMAS ISLAND";"L'ÎLE CHRISTMAS"
"Church Slavic";"Eglise slave"
"Chuvash";"Chuvash"
"COCOS (KEELING) ISLANDS";"Cocos (Keeling) Îles"
"Code postal / Code postal";"Code postal / Code postal"
"COLOMBIA";"COLOMBIE"
"Color Code";"Code couleur"
"COMOROS";"COMORES"
"Company";"Entreprise"
"CONGO";"CONGO"
"CONGO, THE DEMOCRATIC REPUBLIC OF THE";"CONGO, LA RÉPUBLIQUE DÉMOCRATIQUE DU"
"COOK ISLANDS";"ILES COOK"
"Cornish";"Cornouaillais"
"Corsican";"Corse"
"COSTA RICA";"COSTA RICA"
"COTE D'IVOIRE";"COTE D'IVOIRE"
"Counter";"Contrer"
"Cree";"Cris"
"CROATIA";"CROATIE"
"Croatian";"Croate"
"CUBA";"CUBA"
"CYPRUS";"CHYPRE"
"Czech";"Tchèque"
"CZECH REPUBLIC";"RÉPUBLIQUE TCHÈQUE"
"Danish";"Danois"
"Dashboard";"Tableau de bord"
"De-activated";"Désactivés"
"Default";"Par défaut"
"Default content";"Le contenu par défaut"
"Delete";"Effacer"
"DENMARK";"DANEMARK"
"Description";"Description"
"Deuxième prénom";"Deuxième prénom"
"developer";"promoteur"
"Display activity of";"Afficher l'activité de"
"Display top menu";"Afficher le menu en haut"
"Divehi";"Divehi"
"DJIBOUTI";"DJIBOUTI"
"DOMINICA";"DOMINIQUE"
"DOMINICAN REPUBLIC";"RÉPUBLIQUE DOMINICAINE"
"Dutch";"Néerlandais"
"Dzongkha";"Dzongkha"
"E-mail";"E-mail"
"ECUADOR";"ÉQUATEUR"
"Edit";"Éditer"
"EGYPT";"EGYPTE"
"EL SALVADOR";"EL SALVADOR"
"Email";"Email"
"English";"Anglais"
"EQUATORIAL GUINEA";"GUINÉE ÉQUATORIALE"
"ERITREA";"ÉRYTHRÉE"
"Esperanto";"Espéranto"
"Est-il actif?";"Est-il assets?"
"ESTONIA";"ESTONIE"
"Estonian";"Estonien"
"État / Province";"État / Province"
"ETHIOPIA";"ETHIOPIE"
"Everybody";"Tout le monde"
"Ewe";"Agnelle"
"FaceBook";"FaceBook"
"FALKLAND ISLANDS (MALVINAS)";"Îles Falkland (Malvinas)"
"FAROE ISLANDS";"ÎLES FÉROÉ"
"Faroese";"Îles Féroé"
"FIJI";"FIDJI"
"Fijian";"Fidjien"
"Files";"Fichiers"
"Filter";"Filtrer"
"FINLAND";"FINLANDE"
"Finnish";"Finlandais"
"Folders";"Dossiers"
"For example";"Par exemple"
"Forms advanced";"Formes avancées"
"FRANCE";"FRANCE"
"French";"Français"
"FRENCH GUIANA";"GUYANE FRANÇAISE"
"FRENCH POLYNESIA";"POLYNÉSIE FRANÇAISE"
"FRENCH SOUTHERN TERRITORIES";"Terres australes françaises"
"Fulah";"Fulah"
"GABON";"GABON"
"Galician";"Galicien"
"GAMBIA";"GAMBIE"
"Ganda";"Ganda"
"GEORGIA";"GÉORGIE"
"Georgian";"Géorgien"
"German";"Allemand"
"GERMANY";"ALLEMAGNE"
"GHANA";"GHANA"
"GIBRALTAR";"GIBRALTAR"
"Google Buzz";"Google Buzz"
"GREECE";"GRÈCE"
"Greek";"Grecque"
"GREENLAND";"GROENLAND"
"GRENADA";"GRENADE"
"Group";"Groupe"
"Groupe";"Groupe"
"GUADELOUPE";"GUADELOUPE"
"GUAM";"GUAM"
"Guaran";"Garantie"
"GUATEMALA";"GUATEMALA"
"GUERNSEY";"GUERNSEY"
"guest";"invité"
"GUINEA";"GUINÉE"
"GUINEA-BISSAU";"GUINÉE-BISSAU"
"Gujarati";"Gujarati"
"GUYANA";"GUYANE"
"HAITI";"HAÏTI"
"Haitian";"Haïtien"
"Hausa";"Haoussa"
"Heading";"Titre"
"HEARD ISLAND AND MCDONALD ISLANDS";"L'île Heard et des îles McDonald"
"Hebrew";"Hébreu"
"Here you can find a list of applications you can add to your project and extend the fonctionality of both the administrator's interface and the public side.";"Ici vous pouvez trouver une liste des applications que vous pouvez ajouter à votre projet et d'étendre la fonctionalité à la fois l'administrateur de l'interface et du côté du public."
"Herero";"Herero"
"Hidden description which will be indexed by external and internal search engines (255 characters max).";"Description caché qui seront indexés par les moteurs de recherche externes et internes (255 caractères max)."
"Hidden list of keywords separated by a "","" which will be indexed by external and internal search engines (255 characters max).";"Liste cachée des mots-clés séparés par un "","" qui sera indexé par les moteurs de recherche externes et internes (255 caractères max)."
"Hindi";"Hindi"
"Hiri Motu";"Hiri Motu"
"HOLY SEE (VATICAN CITY STATE)";"SAINT-SIÈGE (CITÉ DU VATICAN)"
"Homepage";"Page d'accueil"
"HONDURAS";"HONDURAS"
"HONG KONG";"HONG KONG"
"Horizontal";"Horizontal"
"Hungarian";"Hongrois"
"HUNGARY";"HONGRIE"
"ICELAND";"ISLANDE"
"Icelandic";"Islandais"
"Ido";"Ido"
"If this page is an ""empty node"", you can chose the page from the structure to which this node will redirect.";"Si cette page est un ""nœud vide"", vous pouvez choisir la page à partir de la structure à laquelle ce nœud va rediriger."
"Igbo";"Igbo"
"INDIA";"INDE"
"INDONESIA";"INDONÉSIE"
"Indonesian";"Indonésien"
"Info";"Infos"
"Information commerciale";"Informations commerciale"
"Inscription à l'espace client";"Inscription à l'espace client"
"Interlingua";"Interlingua"
"Interlingue";"Interlingue"
"Inuktitut";"L'inuktitut"
"Inupiaq";"Inupiaq"
"IRAN (ISLAMIC REPUBLIC OF)";"IRAN (RÉPUBLIQUE ISLAMIQUE D ')"
"IRAQ";"IRAK"
"IRELAND";"IRLANDE"
"Irish";"Irlandais"
"Irish";"Irlandais"
"ISLE OF MAN";"ISLE OF MAN"
"ISRAEL";"ISRAEL"
"Italian";"Italien"
"ITALY";"ITALIE"
"JAMAICA";"JAMAÏQUE"
"JAPAN";"JAPON"
"Japanese";"Japonais"
"Javanese";"Javanais"
"JERSEY";"JERSEY"
"JORDAN";"JORDANIE"
"Kalaallisut";"Kalaallisut"
"Kannada";"Kannada"
"Kanuri";"Kanuri"
"Kashmiri";"Cachemire"
"Kazakh";"Kazakh"
"KAZAKHSTAN";"KAZAKHSTAN"
"KENYA";"KENYA"
"Khmer";"Khmer"
"Kikuyu";"Kikuyu"
"Kinyarwanda";"Kinyarwanda"
"Kirghiz";"Kirghiz"
"KIRIBATI";"KIRIBATI"
"Kirundi";"Kirundi"
"Komi";"Komi"
"Kongo";"Kongo"
"KOREA, DEMOCRATIC PEOPLE'S REPUBLIC OF";"CORÉE, RÉPUBLIQUE POPULAIRE DÉMOCRATIQUE DE"
"KOREA, REPUBLIC OF";"CORÉE, RÉPUBLIQUE DE"
"Korean";"Coréen"
"Kurdish";"Kurde"
"KUWAIT";"KOWEIT"
"Kwanyama";"Kwanyama"
"KYRGYZSTAN";"KIRGHIZISTAN"
"Langue";"Langue"
"Lao";"Lao"
"LAO PEOPLE'S DEMOCRATIC REPUBLIC";"POPULAIRE LAO, RÉPUBLIQUE DÉMOCRATIQUE POPULAIRE"
"Large";"Grand"
"Last modified";"Dernière modification de"
"Latin";"Latin"
"LATVIA";"LETTONIE"
"Latvian";"Letton"
"Layout";"Disposition"
"LEBANON";"LIBAN"
"LESOTHO";"LESOTHO"
"LIBERIA";"LIBERIA"
"LIBYAN ARAB JAMAHIRIYA";"JAMAHIRIYA ARABE LIBYENNE"
"LIECHTENSTEIN";"LIECHTENSTEIN"
"Like";"Comme"
"Limburgish";"Limbourgeois"
"Lingala";"Lingala"
"Link to categories";"Lien vers les catégories"
"LinkedIn";"LinkedIn"
"List of news";"Liste des nouvelles"
"LITHUANIA";"LITUANIE"
"Lithuanian";"Lituanien"
"Luba-Katanga";"Luba-Katanga"
"LUXEMBOURG";"LUXEMBOURG"
"Luxembourgish";"Luxembourgeois"
"MACAO";"MACAO"
"MACEDONIA, THE FORMER YUGOSLAV REPUBLIC OF";"MACEDOINE, L'EX-RÉPUBLIQUE YOUGOSLAVE DE"
"Macedonian";"Macédonienne"
"MADAGASCAR";"MADAGASCAR"
"Mailinglist";"Liste de diffusion"
"Malagasy";"Malgache"
"MALAWI";"MALAWI"
"Malay";"Malais"
"Malayalam";"Malayalam"
"MALAYSIA";"MALAISIE"
"MALDIVES";"MALDIVES"
"MALI";"MALI"
"MALTA";"MALTE"
"Maltese";"Maltais"
"Manx";"Manx"
"Marathi";"Marathi"
"MARSHALL ISLANDS";"ILES MARSHALL"
"Marshallese";"Marshall"
"MARTINIQUE";"MARTINIQUE"
"MAURITANIA";"MAURITANIE"
"MAURITIUS";"MAURICE"
"MAYOTTE";"MAYOTTE"
"Meta-Description";"Meta-Description"
"Meta-Keywords";"Mots-clés des méta-"
"MEXICO";"MEXIQUE"
"MICRONESIA, FEDERATED STATES OF";"MICRONESIE, ETATS FEDERES DE"
"Minor heading";"Titre secondaire"
"Module search";"Module de recherche"
"Moldavian";"Moldave"
"MOLDOVA, REPUBLIC OF";"Moldova, République de"
"MONACO";"MONACO"
"MONGOLIA";"MONGOLIE"
"Mongolian";"Mongol"
"MONTENEGRO";"MONTENEGRO"
"MONTSERRAT";"MONTSERRAT"
"MOROCCO";"MAROC"
"Mot de passe";"Mot de passe"
"MOZAMBIQUE";"MOZAMBIQUE"
"MYANMAR";"MYANMAR"
"Name";"Nom"
"NAMIBIA";"NAMIBIE"
"NAURU";"NAURU"
"Nauru";"Nauru"
"Navajo";"Navajo"
"Ndonga";"Ndonga"
"NEPAL";"NEPAL"
"Nepali";"Népalais"
"NETHERLANDS";"PAYS-BAS"
"NETHERLANDS ANTILLES";"PAYS-BAS ANTILLES"
"NEW CALEDONIA";"NOUVELLE-CALÉDONIE"
"NEW ZEALAND";"NOUVELLE-ZÉLANDE"
"News";"Nouvelles"
"News content";"Le contenu des nouvelles"
"Next items";"Suivant produits"
"NICARAGUA";"NICARAGUA"
"NIGER";"NIGER"
"NIGERIA";"NIGERIA"
"NIUE";"NIUE"
"No";"Aucun"
"No counter";"Pas de compteur"
"No entries...";"Aucune entrée ..."
"Nom";"Nom"
"Nom de famille";"Nom de famille"
"Nom de la rue";"Nom de la rue"
"none";"aucun"
"NORFOLK ISLAND";"NORFOLK ISLAND"
"North Ndebele";"Ndebele du Nord"
"NORTHERN MARIANA ISLANDS";"ILES MARIANNES DU NORD"
"Northern Sami";"Sami du Nord"
"NORWAY";"NORVÈGE"
"Norwegian";"Norvégien"
"Norwegian Bokm";"Norvégienne Bokm"
"Norwegian Nynorsk";"Norvégien Nynorsk"
"Not a member yet?";"Pas encore membre?"
"Occitan";"Occitan"
"Ojibwa";"Ojibwa"
"OMAN";"OMAN"
"or";"ou"
"Oriya";"Oriya"
"Oromo";"Oromo"
"Ossetian";"Ossétie du"
"Page title";"Titre de la page"
"Page title tag";"Balise HTML title page"
"About page title tag";"Apparait dans l'onglet de votre navigateur (recommendé max 70 caractères)"
"For example: About, Contact, ...";"Par exemple: Accueil, Contact, A propos, ... Ce titre de la page sera utilisé dans le menu"
"Pages";"Pages"
"PAKISTAN";"PAKISTAN"
"PALAU";"PALAU"
"PALESTINIAN TERRITORY, OCCUPIED";"TERRITOIRE PALESTINIEN OCCUPÉ"
"PANAMA";"PANAMA"
"Panjabi";"Panjabi"
"PAPUA NEW GUINEA";"PAPOUASIE-NOUVELLE-GUINÉE"
"PARAGUAY";"PARAGUAY"
"Parent page";"Page parente"
"Pashto";"Pashto"
"Pays";"Pays"
"People";"Personnes"
"Persian";"Persan"
"PERU";"PEROU"
"PHILIPPINES";"PHILIPPINES"
"Phone";"Téléphone"
"PITCAIRN";"PITCAIRN"
"Please chose a file category";"S'il vous plaît choisir une catégorie de fichiers"
"POLAND";"POLOGNE"
"Polish";"Polonais"
"PORTUGAL";"PORTUGAL"
"Portuguese";"Portugais"
"Prénom";"Prénom"
"Previous items";"Articles précédents"
"Properties";"Propriétés"
"PUERTO RICO";"PUERTO RICO"
"QATAR";"QATAR"
"Quechua";"Quechua"
"Raeto-Romance";"Raeto-Romance"
"Re-type password";"Re-type password"
"Recent activity";"Activité récente"
"Remember me";"Se souvenir de moi"
"REUNION";"REUNION"
"Reverse sort order";"Inverser l'ordre de tri"
"ROMANIA";"ROUMANIE"
"Romanian";"Roumain"
"Russian";"Russe"
"RUSSIAN FEDERATION";"FÉDÉRATION DE RUSSIE"
"RWANDA";"RWANDA"
"SAINT BARTHELEMY";"SAINT BARTHELEMY"
"SAINT HELENA";"SAINTE-HÉLÈNE"
"SAINT KITTS AND NEVIS";"SAINT-KITTS-ET-NEVIS"
"SAINT LUCIA";"SAINTE-LUCIE"
"SAINT MARTIN (FRENCH PART)";"SAINT MARTIN (PARTIE FRANÇAISE)"
"SAINT PIERRE AND MIQUELON";"SAINT-PIERRE-ET-MIQUELON"
"SAINT VINCENT AND THE GRENADINES";"SAINT-VINCENT-ET-LES-GRENADINES"
"SAMOA";"SAMOA"
"Samoan";"Samoa"
"SAN MARINO";"SAN MARINO"
"Sango";"Sango"
"Sanskrit";"Sanskrit"
"SAO TOME AND PRINCIPE";"SAO TOME ET PRINCIPE"
"Sardinian";"Sardaigne"
"SAUDI ARABIA";"ARABIE SAOUDITE"
"Save as actual content";"Enregistrer en tant que contenu réel"
"Save as draft";"Enregistrer comme brouillon"
"Save Changes";"Enregistrer les modifications"
"Save company";"Enregistrer entreprise"
"Save Page";"Enregistrer la page"
"Save advanced properties";"Sauver les propriétés avancées"
"Save user";"Enregistrer l'utilisateur"
"Scottish Gaelic";"Gaélique écossais"
"selection";"sélection"
"SENEGAL";"SÉNÉGAL"
"SERBIA";"SERBIE"
"Serbian";"Serbe"
"Serbo-Croatian";"Serbo-croate"
"Set this page as website";"Définir cette page comme site"
"SEYCHELLES";"SEYCHELLES"
"Share";"Part"
"Shona";"Shona"
"Short description";"Brève description"
"Show advanced options";"Afficher les options avancées"
"Show labels";"Afficher les étiquettes"
"Sichuan Yi";"Sichuan Yi"
"SIERRA LEONE";"SIERRA LEONE"
"Sindhi";"Sindhi"
"SINGAPORE";"SINGAPOUR"
"Sinhalese";"Cinghalais"
"Site web url";"Url site web"
"Slovak";"Slovaque"
"SLOVAKIA";"SLOVAQUIE"
"SLOVENIA";"SLOVÉNIE"
"Slovenian";"Slovène"
"Small";"Petit"
"Société";"Société"
"SOLOMON ISLANDS";"ILES SALOMON"
"Somali";"Somali"
"SOMALIA";"SOMALIE"
"Sort by";"Trier par"
"Sotho";"Sotho"
"SOUTH AFRICA";"AFRIQUE DU SUD"
"SOUTH GEORGIA AND THE SOUTH SANDWICH ISLANDS";"GEORGIE DU SUD ET LES ILES SANDWICH DU SUD"
"South Ndebele";"South Ndebele"
"SPAIN";"ESPAGNE"
"Spanish";"Espagnol"
"SRI LANKA";"SRI LANKA"
"Sub heading";"Sous rubrique"
"SUDAN";"SOUDAN"
"Sundanese";"Sundanais"
"superadministrator";"superadministrator"
"Support technique";"Soutien technique"
"SURINAME";"SURINAME"
"SVALBARD AND JAN MAYEN";"Svalbard et Jan Mayen"
"Swahili";"Swahili"
"Swati";"Swati"
"SWAZILAND";"SWAZILAND"
"SWEDEN";"SUÈDE"
"Swedish";"Suédois"
"SWITZERLAND";"SUISSE"
"SYRIAN ARAB REPUBLIC";"RÉPUBLIQUE ARABE SYRIENNE"
"Table";"Table"
"Tagalog";"Tagalog"
"Tahitian";"Tahiti"
"TAIWAN, PROVINCE OF CHINA";"TAIWAN, PROVINCE DE CHINE"
"Tajik";"Tadjik"
"TAJIKISTAN";"TADJIKISTAN"
"Tamil";"Tamil"
"TANZANIA, UNITED REPUBLIC OF";"TANZANIE, RÉPUBLIQUE-UNIE DE"
"Tatar";"Tatar"
"Telugu";"Telugu"
"Thai";"Thaï"
"THAILAND";"THAÏLANDE"
"The color code can be use to identify this page visually in the public side. It should be an HTML compatible color. (optional)";"Le code couleur peut être utilisé pour identifier visuellement cette page dans la partie publique. Il devrait être une couleur HTML compatible. (Facultatif)"
"The group of users which could access this page and its children.";"Le groupe d'utilisateurs pouvant accéder à cette page et de ses enfants."
"The main category for this page.";"La catégorie principale pour cette page."
"This is a short description of the page, for example to be shown as tooltip or help on the public side. (optional)";"Il s'agit d'une brève description de la page, par exemple pour être montré comme info-bulle ou de l'aide du côté du public. (Facultatif)"
"This represent the approximate number of times this page was displayed.";"Cela représente le nombre approximatif de fois qu'une page a été affichée."
"Tibetan";"Tibet"
"Tigrinya";"Tigrinya"
"TIMOR-LESTE";"TIMOR-LESTE"
"TOGO";"TOGO"
"TOKELAU";"TOKELAU"
"TONGA";"TONGA"
"Tonga";"Tonga"
"Total hits";"Total hits"
"TRINIDAD AND TOBAGO";"TRINITÉ-ET-TOBAGO"
"Tsonga";"Tsonga"
"Tswana";"Tswana"
"TUNISIA";"TUNISIE"
"TURKEY";"TURQUIE"
"Turkish";"Turc"
"Turkmen";"Turkmène"
"TURKMENISTAN";"TURKMENISTAN"
"TURKS AND CAICOS ISLANDS";"ÎLES TURQUES ET CAÏQUES"
"TUVALU";"TUVALU"
"Twi";"Twi"
"Twiter";"Twiter"
"UGANDA";"OUGANDA"
"Uighur";"Ouïghoure"
"UKRAINE";"UKRAINE"
"Ukrainian";"Ukrainien"
"UNITED ARAB EMIRATES";"EMIRATS ARABES UNIS"
"UNITED KINGDOM";"ROYAUME-UNI"
"UNITED STATES";"ÉTATS-UNIS"
"UNITED STATES MINOR OUTLYING ISLANDS";"ÉTATS-UNIS ÎLES MINEURES ÉLOIGNÉES"
"Uploaded";"Envoyé"
"Urdu";"Ourdou"
"URUGUAY";"URUGUAY"
"User info";"Infos utilisateurs"
"User's avatar";"Avatar de l'utilisateur"
"User's detail";"L'utilisateur détails"
"Username";"Nom d'utilisateur"
"Uzbek";"Ouzbek"
"UZBEKISTAN";"OUZBEKISTAN"
"Valable oui / non";"Valable oui / non"
"VANUATU";"VANUATU"
"VATICAN CITY STATE (HOLY SEE)";"CITÉ DU VATICAN (Saint-Siège)"
"Venda";"Venda"
"VENEZUELA";"VENEZUELA"
"Vertical";"Verticale"
"Vertical counters";"Compteurs verticaux"
"VIET NAM";"VIET NAM"
"Vietnamese";"Vietnamien"
"View";"Voir"
"View details";"Voir les détails"
"View path";"Voir le parcours"
"Ville";"Ville"
"VIRGIN ISLANDS (BRITISH)";"ÎLES VIERGES (BRITANNIQUES)"
"VIRGIN ISLANDS (U.S.)";"ÎLES VIERGES (É.-U.)"
"Volap?k";"Volap? K"
"WALLIS AND FUTUNA";"WALLIS ET FUTUNA"
"Walloon";"Wallonne"
"Welsh";"Gallois"
"Western Frisian";"Frison"
"WESTERN SAHARA";"SAHARA OCCIDENTAL"
"Wolof";"Wolof"
"Xhosa";"Xhosa"
"YEMEN";"YEMEN"
"Yes";"Oui"
"Yiddish";"Yiddish"
"Yoruba";"Yoruba"
"You can define here some layout specification if this page needs to be different than the default page (having the default template and layout)";"Vous pouvez définir ici une spécification mise en page si cette page doit être différente de la page par défaut (avec le modèle par défaut et mise en page)"
"Your browser doesn't have Flash, Silverlight, Gears, BrowserPlus or HTML5 support.";"Votre navigateur ne dispose pas de Flash, Silverlight, Gears, BrowserPlus ou le soutien HTML5."
"Your browser doesn't have Flash, Silverlight, Gears, BrowserPlus or HTML5 support.";"Votre navigateur ne dispose pas de Flash, Silverlight, Gears, BrowserPlus ou le soutien HTML5."
"YUGOSLAVIA";"YOUGOSLAVIE"
"ZAMBIA";"ZAMBIE"
"Zhuang";"Zhuang"
"ZIMBABWE";"ZIMBABWE"
"Zulu";"Zoulou"
"trace.event.action.duplicate";"Dupliquer le contenu"
"trace.event.action.toggleonline";"Définit le contenu en ligne"
"trace.event.action.duplicate_content_pages";"Dupliquer une page"
"trace.event.action.update_content_pages";"Mise à jour le contenu des pages"
"trace.event.action.editproperties";"Mise à jour des propriétés de la page"
"trace.event.action.editadvancedproperties";"Mise à jour des propriétés avancées de la page"
"trace.event.action.editmlsmailings";"Modifier un bulletin d'information"
"trace.event.action.deletemlsmailings";"Supprimer un bulletin"
"trace.event.action.updatemlsmailings";"Mettre à jour un bulletin d'information"
"trace.event.action.editmlsrecipients";"Modifier bulletin du destinataire"
"trace.event.action.deletemlsrecipients";"Supprimer destinataire bulletin d'information"
"trace.event.action.updatemlsrecipients";"Mise à jour lettre d'information du destinataire"
"trace.event.action.editmlsrecipientsgroups";"Modifier bulletin de groupe"
"trace.event.action.deletemlsrecipientsgroups";"Supprimer la lettre du groupe"
"trace.event.action.updatemlsrecipientsgroups";"Mise à jour bulletin de groupe"
"trace.event.action.editmlsstats";"Modifier bulletin stats"
"trace.event.action.deletemlsstats";"Supprimer bulletin stats"
"trace.event.action.updatemlsstats";"Mise à jour bulletin stats"
"trace.event.action.editmlstemplates";"Modifier modèle de bulletin"
"trace.event.action.deletemlstemplates";"Supprimer modèle de bulletin"
"trace.event.action.updatemlstemplates";"Mise à jour modèle de bulletin"
"Newer entries";"Entrées plus récente"
"Older entries";"Entrées plus ancienne"
"No entries yet";"Pas encore d'entrée"
"No News to display... yet!";"Pas encore de nouvelle à afficher!"
"No content";"Pas de contenu"
"Published on";"Publié le"
"author";"auteur"
"Latest News";"Dernières nouvelles"
"News";"Nouvelles"
"No category... yet!";"Pas encore de catégorie"
"of";"de"
"Last";"Dernier"
"First";"Premier"
"by";"par"
"By";"par"
"fullname";"Nom complet"
"subject";"Sujet"
"message";"Message"
"Thanks, your message has been sent.";"Merci, votre message nous a été envoyé."
"trace.event.action.email";"Email envoyé du formulaire email"
"Download";"Télécharger"
"Prev";"Prec"
"Next";"Suiv"
"alnumInvalid";"\"Type non valide donné. Lettres ou chiffres attendu\""
"notAlnum";"'%value%' contient des caractères qui ne sont pas alphabétique et aucun chiffre"
"alnumStringEmpty";"'%value%' est une chaîne vide"
"alphaInvalid";"Type non valide donné. Lettres attendues"
"notAlpha";"'%value%' contient des caractères non alphabétiques"
"alphaStringEmpty";"'%value%' est une chaîne vide"
"barcodeFailed";"'%value% ' a échoué checksum validation"
"barcodeInvalidChars";"'%value%' contient des caractères non valides"
"barcodeInvalidLength";"'%value%' doit avoir une longueur de %% caractères"
"barcodeInvalid";"Type non valide donné. chaîne attendue"
"notBetween";"\"'%value%' n'est pas entre '%min% ' et '%max%' \""
"notBetweenStrict";"'%value%' n'est pas strictement entre '%min% ' et '%max%'"
"ccnumLength";"'%value%' doit contenir entre 13 et 19 chiffres"
"ccnumChecksum";"Algorithme Luhn (mod -10 checksum ) a échoué sur '%value%'"
"dateInvalid";"\"Type non valide donné.\""
"dateInvalidDate";"'%value%' ne semble pas être une date valide"
"dateFalseFormat";"\"'%value%' ne correspond pas au format de la date \"\" format% % '\""
"notDigits";"'%value%' doit contenir que des chiffres"
"digitsStringEmpty";"'%value%' est une chaîne vide"
"digitsInvalid";"\"Type non valide donné.\""
"emailAddressInvalid";"Type non valide donné. Chaîne attendue"
"emailAddressInvalidFormat";"'%value%' n'a pas d'adresse e-mail valide"
"emailAddressInvalidHostname";"'%hostname%' n'est pas valide pour le nom d'hôte de la valeur % % ' adresse email"
"emailAddressInvalidMxRecord";"\"'%hostname% \"\"ne semble pas avoir un enregistrement MX valide pour l'adresse email de l' % de la valeur de %'\""
"emailAddressInvalidSegment";"\"'%hostname% \"\"n'est pas dans un segment de réseau routable. L'adresse email de la valeur % % ' ne doit pas être résolu de réseau public\""
"emailAddressDotAtom";"'%localpart%' ne peut pas être mis en correspondance avec le format dot-atom"
"emailAddressQuotedString";"'%localpart%' ne peut pas être mis en correspondance avec le format quoted- string"
"emailAddressInvalidLocalPart";"'% % localpart ' est pas partie locale valable pour de % de la valeur de % ' adresse email"
"emailAddressLengthExceeded";"'%value%' dépasse la longueur autorisée"
"floatInvalid";"\"Type non valide donné . String, integer ou float attendu\""
"notFloat";"'%value%' ne semble pas être un flotteur"
"notGreaterThan";"'%value%' n'est pas supérieur à ' %min%'"
"hexInvalid";"Type non valide donné . chaîne attendue"
"notHex";"'%value%' a pas que des caractères hexadécimaux"
"hostnameCannotDecodePunycode";"\"'%value%' semble être un nom d'hôte DNS, mais la notation punycode donné ne peut pas être décodé\""
"hostnameInvalid";"Type non valide donné . chaîne attendue"
"hostnameDashCharacter";"\"'%value%' semble être un nom d'hôte DNS, mais qui contient un tiret dans une position non valide\""
"hostnameInvalidHostname";"'%value%' ne correspond pas à la structure attendue pour un nom d'hôte DNS"
"hostnameInvalidHostnameSchema";"'%value%' semble être un nom d'hôte DNS mais ne peut pas correspondre par rapport au schéma de nom d'hôte pour les TLD '% % tld '"
"hostnameInvalidLocalName";"'%value%' ne semble pas être un nom de réseau local valide"
"hostnameInvalidUri";"'%value%' ne semble pas être un URI valide hostname"
"hostnameIpAddressNotAllowed";"\"'%value%' semble être une adresse IP, mais les adresses IP ne sont pas autorisés\""
"hostnameLocalNameNotAllowed";"\"'%value%' semble être un nom de réseau local, mais les noms de réseaux locaux ne sont pas autorisés\""
"hostnameUndecipherableTld";"'%value%' semble être un nom d'hôte DNS mais ne peut pas extraire une partie TLD"
"hostnameUnknownTld";"'%value%' semble être un nom d'hôte DNS mais ne peut pas correspondre TLD contre connu liste"
"notSame";"Probleme technique, veuillez envoyer le formulaire a nouveau.(csrf non-identique)"
"missingToken";"Probleme technique, veuillez envoyer le formulaire a nouveau.(csrf manquant)"
"notInArray";"'%value%' n'a pas été trouvé dans la botte de foin"
"intInvalid";"Type non valide donné . Chaîne ou un entier attendu"
"notInt";"'%value%' ne semble pas être un nombre entier"
"ipInvalid";"Type non valide donné . chaîne attendue"
"notIpAddress";"'%value%' ne semble pas être une adresse IP valide"
"notLessThan";"'%value%' n'est pas inférieure à '%max%'"
"isEmpty";"Valeur est requise et ne peut pas être vide"
"notEmptyInvalid";"\"Type non valide donné . String, integer, float, booléen ou un tableau prévu\""
"regexInvalid";"\"Type non valide donné . String, integer ou float attendu\""
"regexNotMatch";"'%value%' ne correspond pas contre le motif '%masque% '"
"regexErrorous";"Il ya eu une erreur interne tout en utilisant le modèle '%masque% '"
"stringLengthInvalid";"Type non valide donné . chaîne attendue"
"stringLengthTooShort";"'%value%' est inférieure à %min% caractères"
"stringLengthTooLong";"'%value%' est plus que %max% caractères"
"subsnewsletter";"M'abonner à la Newsletter?"
"uploadfile";"Fichier"
"phonenr";"Numéro de téléphone"
