"1st ID Expiry Date";"1e ID Vervaldatum"
"1st ID Number";"1e ID-nummer"
"1st ID type";"1e ID-type"
"2G/3G service";"2G/3G dienst"
"2nd ID Expiry Date";"2e ID Vervaldatum"
"2nd ID Number";"2e ID-nummer"
"2nd ID type";"2e ID-type"
"active";"Actief is?"
"address";"Adres"
"allowEmpty";"Laat leeg?"
"applog";"Toepassing LOG"
"Attach scanned signed contract:";"Bevestig gescande ondertekende contract:"
"Attached scanned ID document";"Bijgevoegde gescand identiteitsbewijs"
"Automatic Reload?";"Automatisch herladen?"
"Barcode";"Barcode"
"billingaddress";"Factuuradres"
"Birth Date";"Geboortedatum"
"birthdate";"Geboortedatum"
"cardtypes";"Kaarttypes"
"CCard Number";"C Card Number"
"CCard Owner";"C Card Owner"
"CCard Type";"C Card Type"
"ccnumChecksum";"Het creditcardnummer is niet geldig"
"Change Password";"Wachtwoord wijzigen"
"city";"City"
"city";"City"
"City";"City"
"classname";"Class Naam"
"Clear";"Wis"
"code";"Korte interne code"
"Confirm";"Bevestigen"
"Confirm";"Bevestigen"
"Confirm New Password";"Nieuw wachtwoord bevestigen"
"Contract Duration";"Contract Duur"
"contractraw";"Contract RAW-gegevens"
"contracts";"Contracten"
"countries";"Landen"
"countries_id";"Land"
"County";"Provincie"
"Credit Card";"Creditkaart"
"CTC SIM Card Number";"CTC SIM-kaart nummer"
"custname";"Customer First Name"
"custname2";"Klant Achternaam"
"Customer Identification";"Klant Identificatie"
"Customer Identification [new activation]";"Klant Identificatie"
"Customer Name";"Klantnaam"
"customers";"Klanten"
"customers_id";"Klant"
"customertype";"Soorten klanten"
"customertype_id";"Klant Type"
"CVC Number";"CVC nummer"
"Date";"Datum"
"datecreation";"Creatie datum"
"datemodification";"Wijziging datum"
"Dealer Login";"Dealer Login"
"desc";"Beschrijving"
"description";"Beschrijving"
"Donor MSISDN";"Donor MSISDN"
"Donor Operator Name";"Donor Operator Naam"
"E-Mail Address";"E-mail adres"
"elementname";"Element Name"
"email";"E-mail adres"
"email";"E-mail adres"
"ERRLENGTH";"De lengte van dit veld is niet goed"
"Errors:";"Fouten:"
"ERROTHERCNT";"Een van de andere contactinformatie veld moet worden ingevuld voor een post-paid klant"
"ERRSIMNR";"De SIM-kaart nummer is niet geldig"
"ERRWRIDNUM";"Dit document ID is niet geldig"
"Expiry Month";"Vervaldatum Maand"
"Expiry Year";"Vervaldatum Jaar"
"fax";"Faxnummer"
"FLNAMES";"Dit veld bevat niet-geautoriseerde tekens"
"flows";"Stromen"
"flows_id";"Stroom"
"fname";"Voornaam"
"form";"Formulieren"
"form_id";"Vorm de naam van"
"formdisplaygroup";"Weergave groep"
"formelements";"Velden"
"FormelementsFormdisplaygroup";"Weergave Groepen"
"FormelementsFormfilters";"Filters"
"FormelementsFormvalidators";"Validators"
"formelementsjsfilter";"Velden Javascript libs"
"formelementsjsfilter_id";"JS lib naam"
"formelementsjsfilterparams";"JS params"
"formelementtypes";"Velden types"
"formelementtypes_id";"Elementtype"
"formfilters";"Waarde filter"
"formraw";"Formulieren opgeslagen"
"formvalidators";"Waarde validator"
"Gender";"Gendercompanyname"
"generationdate";"Generatie datum"
"Go Back";"Ga terug"
"Go Back to Login";"Terug naar login"
"Hao Kan card number/C4 credit card";"Hao Kan kaart number/C4 creditcard"
"Home Phone";"Telefoon thuis"
"homephone";"Telefoonnummer thuis"
"idcardexpd1";"ID document # 1 vervaldatum"
"idcardexpd2";"ID document # 2 vervaldatum"
"idcardnbr1";"ID document # 1 nummer"
"idcardnbr2";"ID document # 2 aantal"
"isocode";"ISO-code"
"Itemized Bill?";"Gespecificeerde rekening?"
"JCB";"JCB"
"label";"Label"
"languages";"Talen"
"languages_id";"Taal"
"listvals";"Invoerlijsten"
"listvalsgroups";"Invoerlijsten groepen"
"listvalsgroups_id";"Value list groep"
"listzhcounty";"Chinese Counties"
"listzhtownship";"Chinese Townships"
"lname";"Achternaam"
"Login";"Inloggen"
"login";"Inloggen"
"Loss";"Verlies"
"loyacardnbr";"Loyalty Kaartnummer"
"LR ID Expiry Date";"LR ID Vervaldatum"
"LR ID Number";"LR ID-nummer"
"LR ID Type";"LR ID Type"
"LR Phone";"LR Telefoon"
"LR's Name";"LR Naam"
"maritalstatus";"Huwelijkse staat"
"Married?";"Getrouwd?"
"MasterCard";"MasterCard"
"mdname";"Middelste naam"
"Migration";"Migratie"
"MNP";"MNP"
"Monthly";"Maandelijks"
"msisdn";"GSM-nummer"
"MSISDN";"MSISDN"
"name";"Naam"
"nationalities";"Nationaliteiten"
"nationalities_id";"Nationaliteit"
"Nationality";"Nationaliteit"
"nationality";"Nationaliteit"
"New Activation";"Nieuwe Activering"
"New Password";"Nieuw wachtwoord"
"New SIM Number";"Nieuwe SIM-nummer"
"Next";"Volgende"
"Office Phone";"Office Phone"
"officephone";"Het telefoonnummer van"
"Old Password";"Oud wachtwoord"
"Option";"Optie"
"order";"Volgorde"
"Other MSISDN";"Andere MSISDN"
"othermsisdn";"Andere GSM-nummer"
"parent_id";"verbonden"
"password";"Wachtwoord"
"Password";"Wachtwoord"
"password2";"Typ het wachtwoord opnieuw"
"Payment Information";"Betaling informatie"
"Payment Method";"Methode van de betaling"
"paymentmethods";"Betaalmogelijkheden"
"Permanent address";"Permanente addresscompanyname"
"phone";"Telefoonnummer"
"phone";"Telefoonnummer"
"Please complete or correct the field(s) in the red boxes and click on NEXT";"Vul of de veld (en) te corrigeren in de rode dozen en klik op Volgende"
"Please complete or correct the field(s) in the red boxes and click on VALIDATE";"Vul of de veld (en) te corrigeren in de rode dozen en op VALIDATE klik"
"Postpaid";"Postpaid"
"Postpaid to Prepaid";"Postpaid naar Prepaid"
"Pre-assigned Number?";"Vooraf toegewezen nummer?"
"Prepaid";"Vooruitbetaald"
"Prepaid to Postpaid";"Prepaid te Postpaid"
"Previous";"Vorig"
"Print";"Afdrukken"
"printable";"Is afdrukbare?"
"Product & Services";"Producten & Diensten"
"Product & Services [new activation]";"Producten & Diensten"
"province";"Staat / Provincie"
"rawdata";"Geserialiseerde objecten"
"REJECT 1";"Deze klant is jonger dan 20 jaar oud"
"REJECT 10";"Risico klant 03"
"REJECT 2";"Deze klant is jonger dan 20 jaar oud"
"REJECT 3";"Deze klant-id is verstreken"
"REJECT 4";"Meer dan prepaid card nummer beperking"
"REJECT 5";"Meer dan postpaid kaartnummer beperking"
"REJECT 6";"Meer dan postpaid kaartnummer beperking"
"REJECT 7";"Meer dan prepaid card nummer beperking"
"REJECT 8";"Risico klant 01"
"REJECT 9";"Risico klant 02"
"REJECTCCNOTVALID";"De creditcard is verlopen"
"REJECTCCNOTVALID";"De creditcard is verlopen"
"REJECTSEXNOTMACH";"De geselecteerde geslacht geen mach het identiteitsbewijs informatie"
"Reload Frequency";"Pagina vernieuwen Frequentie"
"Reload Limit";"Pagina vernieuwen Limit"
"Reload Method";"Pagina vernieuwen Methode"
"Reload Value";"Pagina vernieuwen Value"
"Replacement Reason";"Vervanging Reden"
"required";"Is er nodig?"
"Salesman ID";"Verkoper ID"
"Same billing address?";"Zelfde factuuradres?"
"Search";"Zoek"
"services";"Diensten"
"sex";"Seks"
"Sign";"Ondertekenen"
"sim";"SIM-kaartnummer"
"SIM Card Identification";"SIM-kaart Identificatie"
"SIM Card Identification [new activation]";"SIM-kaart Identificatie"
"SIM Card Number";"SIM-kaart nummer"
"Sim SWAP";"Sim SWAP"
"state";"Staat of Township"
"Store ID/Store Stamp";"Store ID / Store Stamp"
"street";"Straatnaam"
"Street Name + Number";"Straatnaam + nummer"
"streetnum";"Huisnummer"
"Tariff plan";"Tariefplan"
"tariffplans";"Tariffplans"
"tariffplans_id";"Tariefplan"
"Techn Problem";"Techn Probleem"
"Time";"Tijd"
"url";"URL van website"
"users";"Gebruikers"
"users_id";"Gebruiker"
"usersgroups";"Gebruikers groepen"
"usersgroups_id";"Groep"
"userspos";"Gebruikers Point of Sales"
"userspos_id";"Point of sale"
"userspostype";"Gebruikers Point of Sale types"
"userspostype_id";"Aard van de Point of Sale"
"valid";"Geldig ja / nee"
"Validation";"Bevestiging"
"validfromdate";"Geldig van"
"validtodate";"Geldig tot"
"value";"Waarde"
"VISA";"VISA"
"When limit is reached";"Als limiet is bereikt"
"Wished porting date ";"Ik zou willen dat porteringsdatum"
"Wrong Usage";"Verkeerde Gebruik"
"Your password has been changes successfully";"Uw wachtwoord is veranderingen met succes"
"zip";"Postcode / Postcode"
"ZIP Code";"Postcode / Postcode"
"BDATENOTVALID";"Geboortedatum moet groter zijn dan 1900/01/01"
"default";"Thuis"
"admindashboard";"Dashboard"
"adminpages";"Pagina's"
"adminfiles";"Bestanden"
"adminpeople";"Mensen"
"adminsnippets";"Snippets"
"adminapplications";"Toepassingen"
"adminnews";"Nieuws"
"adminanalytics";"Analytics"
"admincalendar";"Kalender"
"applog";"Systeem: Application Inloggen"
"companies";"Sydney: Bedrijven"
"countries";"Sydney: Landen"
"filfiles";"Bestanden: Bestanden elementen"
"filfolders";"Bestanden: Mappen"
"filtype";"Bestanden: types"
"form";"Vorm: vormen"
"formcat";"Vorm: vorm categorieën"
"formdisplaygroup";"Vorm: Display groepen (blokken)"
"formelements";"Vorm: vormelementen (velden)"
"formelementsjsfilter";"Vorm: JS filters"
"formelementtypes";"Vorm: elementen types"
"formfilters";"Vorm: filters"
"formraw";"Vorm: ruwe vorm gegevens"
"formvalidators";"Vorm: Validators"
"hosclients";"Hosting beheer: Klanten"
"hoscontacts";"Hosting management: Contacten"
"hosdomainnames";"Hosting management: Domaines"
"hoshostings";"Hosting management: Hostings"
"hosservers";"Hosting management: Servers"
"languages";"Systeem: Taal"
"listvals";"Vorm: Prijs lijsten"
"listvalsgroups";"Vorm: waardenlijst groepen"
"pagdivs";"Pagina's: Div-elementen (inhoud)"
"pagdivtypes";"Pagina's: Div-elementen types"
"pagmenus";"Pagina's: Menu's"
"pagstructure";"Pagina's: Structuur"
"safactivitylog";"Sydney: Activiteit log"
"safcontrollers";"Sydney: Controllers"
"safinstances";"Sydney: Webinstances"
"safmodules";"Sydney: Modules"
"temp";"Systeem: temp"
"tmscompanies";"Timeshoot: Bedrijven"
"tmsprojects";"Timeshoot: Projecten"
"tmssubprojects";"Timeshoot: Sub-projecten"
"tmstasks";"Timeshoot: Taken"
"tmstimesheets";"Timeshoot: timesheets"
"users";"Sydney: Gebruikers"
"usersgroups";"Sydney: Users'Groups"
"general.intdesc";"Bestandstype"
"general.filesize";"Gewicht"
"general.filemtime";"Creatie datum"
"img.width";"Breedte"
"img.height";"Hoogte"
"img.COMPUTED.ApertureFNumber";"Opening"
"img.IFD0.Make";"Cameramerk"
"img.IFD0.Model";"Cameramodel"
"img.IFD0.DateTime";"Opnamedatum"
"img.EXIF.ExposureTime";"Belichtingstijd"
"img.EXIF.ISOSpeedRatings";"ISO"
"img.EXIF.Flash,""Flash used""";
"img.EXIF.FocalLength";"Focus afstand"
"img.EXIF.ImageUniqueID";"Afbeelding Unique ID"
"video.hasaudio";"Heeft audio"
"video.hasvideo";"Heeft video"
"video.framewidth";"Breedte"
"video.frameheight";"Hoogte"
"video.framecount";"Totaal frames"
"video.framerate";"Framesnelheid"
"video.duration";"Duur"
"video.bitrate";"Bitrate"
"video.videocodec";"Video codec"
"video.audiocodec";"Audio-codec"
"video.audiosamplerate";"Audio sample rate"
"video.audiochannels";"Audiokanalen"
"video.audiobitrate";"Audio bitrate"
"video.videobitrate";"Video bitrate"
"img.IFD0.HostComputer";"Hostcomputer"
"img.EXIF.ShutterSpeedValue";"Sluitertijd"
"img.EXIF.ApertureValue";"Opening"
"img.EXIF.ExposureIndex";"Exposure Index"
"mp3.mediaType";"Mediatype"
"mp3.title";"Titel"
"mp3.publisher";"Uitgever"
"mp3.genre";"Genre"
"mp3.album";"Album"
"mp3.track";"Track #"
"mp3.recTime";"Opnamedatum"
"mp3.band";"Band"
"mp3.composer";"Componist"
"mp3.artist";"Kunstenaar"
"mp3.length";"Lengte"
"safmodules_id";"Module"
"bugtypes_id";"Fouttype"
"comment";"Commentaar"
"safinstances_id";"Website bijvoorbeeld"
"admin";"Admin algemene"
"admindb";"Admin DB"
"admindeveloper";"Ontwikkelaar admin"
"adminoet";"Orderinvoer hulpmiddel admin"
"oet";"Orderinvoer hulpmiddel publiek"
"safdoc";"Sydney Documenten"
"adminlanguage";"Taal beheer"
"adminhelp";"Help"
"admininvoicer";"Invoicer"
"adminplanner";"Ontwerper"
"adminsidebars";"Sidebars"
"adminsongbird";"Zangvogel"
"admintimeshoot";"Timeshoot"
"adminusers";"Gebruikers / Mensen"
"publicms";"Publieke website"
"admindbexplorer";"DB explorer"
"admincloudfiles";"Cloud File"
"adminbugtrack";"Bug tracking tool"
"adminagenda";"Agenda"
"title";"Titel"
"labelTitleHelp";"Nieuws / titel van het artikel apearing in de lijstweergave"
"shortdesc";"Korte beschrijving"
"labelShortdescHelp";"Nieuws / Article Summary, maximaal 255 tekens ook apearing in de lijstweergave"
"redirectto";"Redirect het nieuws op een pagina of bestand"
"labelRedirecttoHelp";"Als dit is ingevuld, zal het nieuws link naar dit bestand / pagina en de inhoud wordt niet getoond"
"pubdate";"Publicatiedatum"
"labelPubdateHelp";"Officiële publicatiedatum apearing in de weergave lijst"
"onlinefromdate";"Online vanaf"
"labelOnlinefromdateHelp";"Datum waarop dit nieuws / artikel zal apear op de website"
"expirationdate";"Online tot"
"labelExpirationdateHelp";"Datum waarop dit nieuws / artikel zal disapear"
"online";"Gepubliceerd"
"labelOnlineHelp";"Als gecontroleerd en, indien de datum van vandaag tussen de 'online van' en 'online tot' dateert het nieuws verschijnt op de website."
"author";"Auteur"
"labelAuthorHelp";"De oorspronkelijke auteur en / of uitgever van dit nieuws / artikel"
"companyname";"Bedrijfsnaam"
"contactname";"Contactpersoon"
"trace.event.create_content_page";"Inhoud pagina aangemaakt"
"trace.event.update_content_page";"Inhoud pagina bijgewerkt"
"trace.event.delete_content_page";"Inhoud pagina verwijderd"
"trace.event.create_page";"Nieuwe pagina aangemaakt"
"trace.event.update_page";"Pagina bijgewerkt"
"trace.event.delete_page";"Pagina verwijderd"
"trace.event.upload_file";"Bestand geupload"
"trace.event.update_file";"Bestand bijgewerkt"
"trace.event.delete_file";"Bestand verwijderd"
"trace.event.create_news";"Nieuws aangemaakt"
"trace.event.update_news";"Nieuws update"
"trace.event.delete_news";"Nieuws verwijderd"
"trace.event.create_content_news";"Gemaakte inhoud nieuws"
"trace.event.update_content_news";"Inhoud nieuws bijgewerkt"
"trace.event.delete_content_news";"Inhoud nieuws verwijderd"
"trace.event.publish_news_0";"Nieuws gepubliceerd"
"trace.event.publish_news_1";"Nieuws ongepubliceerde"
"trace.event.restore_page";"Pagina hersteld"
"trace.event.settorecyclebin_page";"Pagina verwijderd"
"trace.event.publish_page";"Pagina gepubliceerd"
"trace.event.unpublish_page";"Pagina niet-gepubliceerde"
"trace.event.reorder_page";"Pagina structuur nabesteld"
"trace.event.action.publishnews";"nieuws gepubliceerd"
"trace.event.action.unpublishnews";"nieuws ongepubliceerde"
"trace.event.action.createcontent";"content-element (en) gemaakt"
"trace.event.action.publispage";"pagina ('s) gepubliceerd"
"trace.event.action.unpublishpage";"pagina ('s) niet gepubliceerd"
"trace.event.action.updatepageorder";"pagina ('s) opnieuw besteld"
"trace.event.action.updatecontent";"content-element (en) bijgewerkt"
"trace.event.action.deletecontent";"content-element (en) verwijderd"
"trace.event.action.deletefile";"bestand (en) verwijderd"
"trace.event.action.updatefile";"bestand (en) bijgewerkt"
"trace.event.action.uploadfile";"bestand (en) geupload"
"trace.event.action.restorecontent";"herstelde inhoud"
"trace.event.action.deletenews";"nieuws verwijderd"
"trace.event.action.update";"pagina-element (en) bijgewerkt"
"trace.event.action.insert";"pagina-element (en) geplaatst"
"trace.event.action.delete";"pagina-element (en) verwijderd"
"trace.event.action.publishdiv";"pagina-element (en) gepubliceerd"
"trace.event.action.unpublishdiv";"pagina-element (en) in te stellen als concept"
"trace.event.action.createevent";"agenda evenement (en) gemaakt"
"trace.event.action.updateevent";"agenda evenement (en) bijgewerkt"
"trace.event.action.delevent";"agenda event (s) verwijderd"
"trace.event.action.createpage";"pagina ('s) toegevoegd"
"trace.event.action.updatepage";"pagina ('s) eigenschappen gewijzigd"
"trace.event.action.update_workflow_status";"pagina-element (s) status bijgewerkt"
"trace.event.action.insertnews";"nieuws geplaatst"
"trace.event.action.updatenews";"nieuws bijgewerkt"
"UPLOAD_ERR_OK";"Het bestand geupload met succes."
"UPLOAD_UNKNOW_ERROR";"Unknow fout."
"UPLOAD_ERR_INI_SIZE";"Het geüploade bestand is groter dan de upload_max_filesize directive in php.ini."
"UPLOAD_ERR_FORM_SIZE";"Het geüploade bestand is groter dan de MAX_FILE_SIZE richtlijn die is opgegeven in de HTML-formulier."
"UPLOAD_ERR_PARTIAL";"Het geüploade bestand is maar gedeeltelijk geupload."
"UPLOAD_ERR_NO_FILE";"Geen bestand is geüpload."
"UPLOAD_ERR_NO_TMP_DIR";"Het missen van een tijdelijke map."
"UPLOAD_ERR_CANT_WRITE";"Kan bestand naar de schijf te schrijven."
"UPLOAD_ERR_EXTENSION";"Een PHP extensie gestopt het bestand te uploaden. PHP heeft een manier die niet te bieden om vast te stellen welk toestel de oorzaak van de te uploaden om te stoppen; onderzoek van de lijst met geladen extensies met phpinfo () kan helpen."
"lastpwdchanges";"Laatste wijziging van het wachtwoord"
"laststatuschange";"Laatste statuswijziging"
"lastlogindate";"Laatste keer ingelogd"
"modifieddate";"Laatst gewijzigd"
"unsubscribedate";"Deactivering datum"
"subscribedate";"Creatie datum"
"You";"U"
"You are ";"U bent"
"Your email adress ";"Uw e-mail adres"
"Your message";"Uw bericht"
"Your message's subject";"Uw bericht onderwerp van"
"Your message";"Uw bericht"
"Your message ";"Uw bericht"
"For security reason, please enter the code below";"Om veiligheidsredenen vragen wij u de onderstaande code"
"submit";"Voorleggen"
"gototop";"Ga naar boven"
"Keywords";"Trefwoorden"
"ifyoulostyourpassword";"Als u uw wachtwoord vergeten of wilt u uw wachtwoord opnieuw in te stellen, vul dan de volgende informatie en een nieuw wachtwoord zal naar u worden verzonden via e-mail."
"Publicmailinglist_sendemailsuccessAction";"Dank je wel! Een e-mail is verzonden naar uw mailbox, volg dan de link in deze e-mail om uw inschrijving te valideren aan voor onze newsletter."
"Publicmailinglist_sendemailerrorAction";"Er is een fout opgetreden, konden we niet te registreren e-mail. Neem contact op met onze support."
"Publicmailinglist_optinconfirmAction";"Bedankt voor de bevestiging. U bent nu ingeschreven voor onze newsletter."
"Publicmailinglist_processAction";"Dank je wel! Een e-mail is verzonden naar uw mailbox, volg dan de link in deze e-mail om uw inschrijving te valideren aan voor onze newsletter."
"Publicmailinglist_optoutconfirmAction01";"Dank je wel, ben je al verwijderd uit onze database"
"Publicmailinglist_optoutconfirmAction02";"U zult niet-geregistreerde. Als u gecontroleerd nee."
"Sydney_Mailinglist_Optingin_getTextOptinContent";"Hartelijk dank voor het abonneren op onze mailinglist. Om uw inschrijving te valideren, klikt u op de link hieronder:"
"Sydney_Mailinglist_Optingin_sendSubscriptionConfirmationEmail";"abonnement op de newsletter bevestiging"
"Abkhazian";"Abchazisch"
"Access rights";"Toegangsrechten"
"Add a list of links to news";"Voeg een lijst met links naar nieuws"
"Add news based on their categorie(s)";"Voeg nieuws op basis van hun categorie (en)"
"Add the content of a news within this page";"Voeg de inhoud van een nieuwsbericht in deze pagina"
"adminforms2";"adminforms2"
"administrator";"beheerder"
"adminmailinglist";"adminmailinglist"
"Adresse e-mail";"Adresse e-mail"
"Afar";"Ver"
"AFGHANISTAN";"AFGHANISTAN"
"Afrikaans";"Afrikaans"
"Akan";"Akan"
"ALAND ISLANDS";"Åland-eilanden"
"ALBANIA";"ALBANIË"
"Albanian";"Albanees"
"ALGERIA";"ALGERIJE"
"AMERICAN SAMOA";"AMERICAN SAMOA"
"Amharic";"Amhaars"
"Analytics";"Analytics"
"ANDORRA";"ANDORRA"
"ANGOLA";"ANGOLA"
"ANGUILLA";"ANGUILLA"
"ANTARCTICA";"ANTARCTICA"
"ANTIGUA AND BARBUDA";"ANTIGUA EN BARBUDA"
"Apps";"Apps"
"Arabic";"Arabisch"
"Aragonese";"Aragonese"
"ARGENTINA";"ARGENTINIË"
"ARMENIA";"ARMENIË"
"Armenian";"Armeens"
"ARUBA";"ARUBA"
"Assamese";"Assamees"
"AUSTRALIA";"AUSTRALIË"
"AUSTRIA";"OOSTENRIJK"
"authuser";"authuser"
"Auto-redirect to";"Auto-redirect te"
"Avaric";"Avaric"
"Avestan";"Avestisch"
"Aymara";"Aymara"
"AZERBAIJAN";"AZERBEIDZJAN"
"Azerbaijani";"Azerbeidzjaans"
"BAHAMAS";"BAHAMAS"
"BAHRAIN";"BAHREIN"
"Bambara";"Bambara"
"BANGLADESH";"BANGLADESH"
"BARBADOS";"BARBADOS"
"Bashkir";"Bashkir"
"Basque";"Bask"
"BELARUS";"WIT-RUSLAND"
"Belarusian";"Wit-Russische"
"BELGIUM";"BELGIË"
"BELIZE";"BELIZE"
"Bengali";"Bengalees"
"BENIN";"BENIN"
"BERMUDA";"BERMUDA"
"BHUTAN";"BHUTAN"
"Bihari";"Bihari"
"Bislama";"Bislama"
"BOLIVIA";"BOLIVIA"
"BOSNIA AND HERZEGOVINA";"Bosnië en Herzegovina"
"Bosnian";"Bosnisch"
"BOTSWANA";"BOTSWANA"
"BOUVET ISLAND";"Bouvet Island"
"BRAZIL";"BRAZILIË"
"Breton";"Breton"
"BRITISH INDIAN OCEAN TERRITORY";"British Indian Ocean Territory"
"Browse the server";"Blader door de server"
"BRUNEI DARUSSALAM";"BRUNEI DARUSSALAM"
"BULGARIA";"BULGARIJE"
"Bulgarian";"Bulgaarse"
"BURKINA FASO";"Burkina Faso"
"Burmese";"Birmaans"
"BURUNDI";"BURUNDI"
"Caching properties are used to accelerate the page display for content which will not change often. You can chose here if this page can be ""cacheable"" and how long the cached page will be used.";"Caching eigenschappen worden gebruikt om de pagina weer te geven voor de inhoud die niet vaak veranderen versnellen. U kunt hier kiezen of deze pagina kan worden ""cachen"" en hoe lang de cache pagina zal worden gebruikt."
"CAMBODIA";"CAMBODJA"
"CAMEROON";"KAMEROEN"
"Can be cached ?";"Kan worden gecached?"
"CANADA";"CANADA"
"Cancel";"Annuleren"
"CAPE VERDE";"KAAPVERDIË"
"Cards";"Kaarten"
"Catalan";"Catalaans"
"Categorie(s)";"Categorie (s)"
"Categories";"Categorieën"
"CAYMAN ISLANDS";"CAYMANEILANDEN"
"cell";"cel"
"CENTRAL AFRICAN REPUBLIC";"CENTRAAL-AFRIKAANSE REPUBLIEK"
"CHAD";"TSJAAD"
"Chamorro";"Chamorro"
"Chechen";"Tsjetsjeense"
"Chichewa";"Chichewa"
"CHILE";"CHILI"
"CHINA";"CHINA"
"Chinese";"Chinees"
"Choose one or several menus where this item will show up.";"Kies een of meerdere menu's waar dit artikel zal verschijnen."
"CHRISTMAS ISLAND";"Christmas Island"
"Church Slavic";"Kerk Slavisch"
"Chuvash";"Chuvash"
"COCOS (KEELING) ISLANDS";"Cocos (Keeling) Islands"
"Code postal / Code postal";"Postcode / postcode"
"COLOMBIA";"COLOMBIA"
"Color Code";"Kleurcode"
"COMOROS";"COMOREN"
"Company";"Vennootschap"
"CONGO";"CONGO"
"CONGO, THE DEMOCRATIC REPUBLIC OF THE";"CONGO, DE DEMOCRATISCHE REPUBLIEK"
"COOK ISLANDS";"COOKEILANDEN"
"Cornish";"Cornish"
"Corsican";"Corsicaans"
"COSTA RICA";"COSTA RICA"
"COTE D'IVOIRE";"IVOORKUST"
"Counter";"Counter"
"Cree";"Cree"
"CROATIA";"KROATIË"
"Croatian";"Kroatisch"
"CUBA";"CUBA"
"CYPRUS";"CYPRUS"
"Czech";"Tsjechisch"
"CZECH REPUBLIC";"TSJECHIË"
"Danish";"Deens"
"Dashboard";"Dashboard"
"De-activated";"De geactiveerde"
"Default";"Verzuim"
"Default content";"Standaard inhoud"
"Delete";"Verwijder"
"DENMARK";"DENEMARKEN"
"Description";"Beschrijving"
"Deuxième prénom";"Deuxième prenom"
"developer";"ontwikkelaar"
"Display activity of";"Tonen activiteit van"
"Display top menu";"Weergave hoofdmenu"
"Divehi";"Divehi"
"DJIBOUTI";"DJIBOUTI"
"DOMINICA";"DOMINICA"
"DOMINICAN REPUBLIC";"DOMINICAANSE REPUBLIEK"
"Dutch";"Nederlands"
"Dzongkha";"Dzongkha"
"E-mail";"E-mail"
"ECUADOR";"ECUADOR"
"Edit";"Redigeren"
"EGYPT";"EGYPTE"
"EL SALVADOR";"EL SALVADOR"
"Email";"E-mail"
"English";"Engels"
"EQUATORIAL GUINEA";"EQUATORIAAL-GUINEA"
"ERITREA";"ERITREA"
"Esperanto";"Esperanto"
"Est-il actif?";"Est-il actif?"
"ESTONIA";"ESTLAND"
"Estonian";"Estlands"
"État / Province";"État / provincie"
"ETHIOPIA";"ETHIOPIË"
"Everybody";"Allemaal"
"Ewe";"Ooi"
"FaceBook";"FaceBook"
"FALKLAND ISLANDS (MALVINAS)";"Falklandeilanden (Malvinas)"
"FAROE ISLANDS";"FAERÖER"
"Faroese";"Faeröer"
"FIJI";"FIJI"
"Fijian";"Fijian"
"Files";"Bestanden"
"Filter";"Filter"
"FINLAND";"FINLAND"
"Finnish";"Fins"
"Folders";"Mappen"
"For example";"Bij voorbeeld"
"Forms advanced";"Formulieren geavanceerde"
"FRANCE";"FRANKRIJK"
"French";"Frans"
"FRENCH GUIANA";"FRANS-GUYANA"
"FRENCH POLYNESIA";"FRANS Polynesië"
"FRENCH SOUTHERN TERRITORIES";"FRANSE ZUIDELIJKE GEBIEDEN"
"Fulah";"Fulah"
"GABON";"GABON"
"Galician";"Galicische"
"GAMBIA";"GAMBIA"
"Ganda";"Ganda"
"GEORGIA";"GEORGIË"
"Georgian";"Georgisch"
"German";"Duits"
"GERMANY";"DUITSLAND"
"GHANA";"GHANA"
"GIBRALTAR";"GIBRALTAR"
"Google Buzz";"Google Buzz"
"GREECE";"GRIEKENLAND"
"Greek";"Grieks"
"GREENLAND";"GROENLAND"
"GRENADA";"GRENADA"
"Group";"Groep"
"Groupe";"Groupe"
"GUADELOUPE";"GUADELOUPE"
"GUAM";"GUAM"
"Guaran";"Garantie"
"GUATEMALA";"GUATEMALA"
"GUERNSEY";"GUERNSEY"
"guest";"gast"
"GUINEA";"GUINEA"
"GUINEA-BISSAU";"GUINEE-BISSAU"
"Gujarati";"Gujarati"
"GUYANA";"GUYANA"
"HAITI";"HAITI"
"Haitian";"Haïtiaanse"
"Hausa";"Hausa"
"Heading";"Titel"
"HEARD ISLAND AND MCDONALD ISLANDS";"Heard Eiland en McDonald Eilanden"
"Hebrew";"Hebreeuws"
"Here you can find a list of applications you can add to your project and extend the fonctionality of both the administrator's interface and the public side.";"Hier vindt u een lijst met toepassingen die u kunt toevoegen aan uw project en uitbreiding van de fonctionality van zowel de beheerder interface en de publieke kant."
"Herero";"Herero"
"Hidden description which will be indexed by external and internal search engines (255 characters max).";"Verborgen beschrijving die zal worden geïndexeerd door externe en interne zoekmachines (max. 255 karakters)."
"Hidden list of keywords separated by a "","" which will be indexed by external and internal search engines (255 characters max).";"Verborgen lijst van trefwoorden gescheiden door een "","" die zal worden geïndexeerd door externe en interne zoekmachines (max. 255 karakters)."
"Hindi";"Hindi"
"Hiri Motu";"Hiri Motu"
"HOLY SEE (VATICAN CITY STATE)";"Holy See (Vatican City State)"
"Homepage";"Homepage"
"HONDURAS";"HONDURAS"
"HONG KONG";"HONG KONG"
"Horizontal";"Horizontaal"
"Hungarian";"Hongaars"
"HUNGARY";"HONGARIJE"
"ICELAND";"IJSLAND"
"Icelandic";"IJslands"
"Ido";"Ido"
"If this page is an ""empty node"", you can chose the page from the structure to which this node will redirect.";"Als deze pagina is een ""lege node"", kunt u kiezen de pagina van de structuur van deze knoop die wordt omgeleid."
"Igbo";"Igbo"
"INDIA";"INDIA"
"INDONESIA";"INDONESIË"
"Indonesian";"Indonesisch"
"Info";"Info"
"Information commerciale";"Informatie commerciale"
"Inscription à l'espace client";"Inschrijving à l'espace client"
"Interlingua";"Interlingua"
"Interlingue";"Interlingue"
"Inuktitut";"Inuktitut"
"Inupiaq";"Inupiaq"
"IRAN (ISLAMIC REPUBLIC OF)";"IRAN (Islamitische Republiek)"
"IRAQ";"IRAK"
"IRELAND";"IERLAND"
"Irish";"Iers"
"Irish";"Iers"
"ISLE OF MAN";"ISLE OF MAN"
"ISRAEL";"ISRAËL"
"Italian";"Italiaans"
"ITALY";"ITALIË"
"JAMAICA";"JAMAICA"
"JAPAN";"JAPAN"
"Japanese";"Japanse"
"Javanese";"Javaanse"
"JERSEY";"JERSEY"
"JORDAN";"JORDAN"
"Kalaallisut";"Kalaallisut"
"Kannada";"Kannada"
"Kanuri";"Kanuri"
"Kashmiri";"Kashmiri"
"Kazakh";"Kazakh"
"KAZAKHSTAN";"KAZACHSTAN"
"KENYA";"KENIA"
"Khmer";"Khmer"
"Kikuyu";"Kikuyu"
"Kinyarwanda";"Kinyarwanda"
"Kirghiz";"Kirgizisch"
"KIRIBATI";"KIRIBATI"
"Kirundi";"Kirundi"
"Komi";"Komi"
"Kongo";"Kongo"
"KOREA, DEMOCRATIC PEOPLE'S REPUBLIC OF";"Korea, Democratische VOLKSREPUBLIEK"
"KOREA, REPUBLIC OF";"KOREA, REPUBLIC OF"
"Korean";"Koreaans"
"Kurdish";"Koerdisch"
"KUWAIT";"KOEWEIT"
"Kwanyama";"Kwanyama"
"KYRGYZSTAN";"KIRGIZIË"
"Langue";"Langue"
"Lao";"Laotiaans"
"LAO PEOPLE'S DEMOCRATIC REPUBLIC";"LAO DEMOCRATISCHE VOLKSREPUBLIEK"
"Large";"Groot"
"Last modified";"Laatst gewijzigd"
"Latin";"Latijn"
"LATVIA";"LETLAND"
"Latvian";"Lets"
"Layout";"Lay-out"
"LEBANON";"LIBANON"
"LESOTHO";"LESOTHO"
"LIBERIA";"LIBERIA"
"LIBYAN ARAB JAMAHIRIYA";"Libië"
"LIECHTENSTEIN";"LIECHTENSTEIN"
"Like";"Zoals"
"Limburgish";"Limburgs"
"Lingala";"Lingala"
"Link to categories";"Link naar categorieën"
"LinkedIn";"LinkedIn"
"List of news";"Overzicht nieuws"
"LITHUANIA";"LITOUWEN"
"Lithuanian";"Litouws"
"Luba-Katanga";"Luba-Katanga"
"LUXEMBOURG";"LUXEMBURG"
"Luxembourgish";"Luxemburgs"
"MACAO";"MACAO"
"MACEDONIA, THE FORMER YUGOSLAV REPUBLIC OF";"Macedonië, JOEGOSLAVISCHE REPUBLIEK"
"Macedonian";"Macedonisch"
"MADAGASCAR";"MADAGASCAR"
"Mailinglist";"Mailinglist"
"Malagasy";"Malagasi"
"MALAWI";"MALAWI"
"Malay";"Maleis"
"Malayalam";"Malayalam"
"MALAYSIA";"MALEISIË"
"MALDIVES";"MALDIVES"
"MALI";"MALI"
"MALTA";"MALTA"
"Maltese";"Maltees"
"Manx";"Manx"
"Marathi";"Marathi"
"MARSHALL ISLANDS";"MARSHALLEILANDEN"
"Marshallese";"Marshallese"
"MARTINIQUE";"MARTINIQUE"
"MAURITANIA";"MAURITANIË"
"MAURITIUS";"MAURITIUS"
"MAYOTTE";"MAYOTTE"
"Meta-Description";"Meta-Description"
"Meta-Keywords";"Meta-Keywords"
"MEXICO";"MEXICO"
"MICRONESIA, FEDERATED STATES OF";"Micronesië, Federale Staten VAN"
"Minor heading";"Minor rubriek"
"Module search";"Module zoeken"
"Moldavian";"Moldavisch"
"MOLDOVA, REPUBLIC OF";"Moldavië"
"MONACO";"MONACO"
"MONGOLIA";"MONGOLIË"
"Mongolian";"Mongools"
"MONTENEGRO";"MONTENEGRO"
"MONTSERRAT";"MONTSERRAT"
"MOROCCO";"MAROKKO"
"Mot de passe";"Mot de passe"
"MOZAMBIQUE";"MOZAMBIQUE"
"MYANMAR";"MYANMAR"
"Name";"Naam"
"NAMIBIA";"NAMIBIË"
"NAURU";"NAURU"
"Nauru";"Nauru"
"Navajo";"Navajo"
"Ndonga";"Ndonga"
"NEPAL";"NEPAL"
"Nepali";"Nepalees"
"NETHERLANDS";"NEDERLAND"
"NETHERLANDS ANTILLES";"NEDERLANDSE ANTILLEN"
"NEW CALEDONIA";"Nieuw-Caledonië"
"NEW ZEALAND";"NIEUW-ZEELAND"
"News";"Nieuws"
"News content";"Nieuws-inhoud"
"Next items";"Volgende items"
"NICARAGUA";"NICARAGUA"
"NIGER";"NIGER"
"NIGERIA";"NIGERIA"
"NIUE";"NIUE"
"No";"Geen"
"No counter";"Geen teller"
"No entries...";"Geen invoer ..."
"Nom";"Nom"
"Nom de famille";"Nom de famille"
"Nom de la rue";"Nom de la rue"
"none";"geen"
"NORFOLK ISLAND";"NORFOLK ISLAND"
"North Ndebele";"Noord-Ndebele"
"NORTHERN MARIANA ISLANDS";"Noordelijke Marianen"
"Northern Sami";"Noordelijke Sami"
"NORWAY";"NOORWEGEN"
"Norwegian";"Noors"
"Norwegian Bokm";"Noorse Bokm"
"Norwegian Nynorsk";"Noors Nynorsk"
"Not a member yet?";"Nog geen lid?"
"Occitan";"Occitaans"
"Ojibwa";"Ojibwa"
"OMAN";"OMAN"
"or";"of"
"Oriya";"Oriya"
"Oromo";"Oromo"
"Ossetian";"Ossetische"
"Page title";"Pagina titel"
"Page title tag";"Page title tag"
"Pages";"Pagina's"
"PAKISTAN";"PAKISTAN"
"PALAU";"PALAU"
"PALESTINIAN TERRITORY, OCCUPIED";"Palestijnse Gebieden, Bezette"
"PANAMA";"PANAMA"
"Panjabi";"Panjabi"
"PAPUA NEW GUINEA";"PAPOEA-NIEUW-GUINEA"
"PARAGUAY";"PARAGUAY"
"Parent page";"Bovenliggende pagina"
"Pashto";"Pashto"
"Pays";"Pays"
"People";"Mensen"
"Persian";"Perzisch"
"PERU";"PERU"
"PHILIPPINES";"FILIPPIJNEN"
"Phone";"Telefoon"
"PITCAIRN";"PITCAIRN"
"Please chose a file category";"Gelieve koos voor een bestandscategorie"
"POLAND";"POLEN"
"Polish";"Pools"
"PORTUGAL";"PORTUGAL"
"Portuguese";"Portugees"
"Prénom";"Prenom"
"Previous items";"Vorige artikelen"
"Properties";"Eigenschappen"
"PUERTO RICO";"PUERTO RICO"
"QATAR";"QATAR"
"Quechua";"Quechua"
"Raeto-Romance";"Raeto-Romance"
"Re-type password";"Typ het wachtwoord opnieuw"
"Recent activity";"Recente activiteiten"
"Remember me";"Onthoud mij"
"REUNION";"REUNION"
"Reverse sort order";"Sorteervolgorde omkeren"
"ROMANIA";"ROEMENIË"
"Romanian";"Roemeense"
"Russian";"Russisch"
"RUSSIAN FEDERATION";"RUSSISCHE FEDERATIE"
"RWANDA";"RWANDA"
"SAINT BARTHELEMY";"SAINT BARTHELEMY"
"SAINT HELENA";"SAINT HELENA"
"SAINT KITTS AND NEVIS";"SAINT KITTS EN NEVIS"
"SAINT LUCIA";"SAINT LUCIA"
"SAINT MARTIN (FRENCH PART)";"SAINT MARTIN (FRANS DEEL)"
"SAINT PIERRE AND MIQUELON";"Saint Pierre en Miquelon"
"SAINT VINCENT AND THE GRENADINES";"SAINT VINCENT EN DE GRENADINES"
"SAMOA";"SAMOA"
"Samoan";"Samoan"
"SAN MARINO";"SAN MARINO"
"Sango";"Sango"
"Sanskrit";"Sanskriet"
"SAO TOME AND PRINCIPE";"Sao Tome en Principe"
"Sardinian";"Sardijns"
"SAUDI ARABIA";"Saoedi-Arabië"
"Save as actual content";"Opslaan als eigenlijke inhoud"
"Save as draft";"Opslaan als concept"
"Save Changes";"Wijzigingen opslaan"
"Save company";"Opslaan bedrijf"
"Save Page";"Pagina opslaan"
"Save user";"Sla gebruiker"
"Scottish Gaelic";"Schots Gaelic"
"selection";"selectie"
"SENEGAL";"SENEGAL"
"SERBIA";"SERVIË"
"Serbian";"Servisch"
"Serbo-Croatian";"Servo-Kroatisch"
"Set this page as website";"Stel deze pagina in als website"
"SEYCHELLES";"SEYCHELLEN"
"Share";"Aandeel"
"Shona";"Shona"
"Short description";"Korte beschrijving"
"Show advanced options";"Toon geavanceerde zoekopties"
"Show labels";"Labels weergeven"
"Sichuan Yi";"Sichuan Yi"
"SIERRA LEONE";"SIERRA LEONE"
"Sindhi";"Sindhi"
"SINGAPORE";"SINGAPORE"
"Sinhalese";"Sinhalees"
"Site web url";"Site web url"
"Slovak";"Slowaaks"
"SLOVAKIA";"SLOWAKIJE"
"SLOVENIA";"SLOVENIË"
"Slovenian";"Sloveens"
"Small";"Klein"
"Société";"Societe"
"SOLOMON ISLANDS";"SALOMONSEILANDEN"
"Somali";"Somalisch"
"SOMALIA";"SOMALIË"
"Sort by";"Sorteer op"
"Sotho";"Sotho"
"SOUTH AFRICA";"ZUID-AFRIKA"
"SOUTH GEORGIA AND THE SOUTH SANDWICH ISLANDS";"Zuid-Georgië en de Zuidelijke Sandwicheilanden"
"South Ndebele";"Zuid-Ndebele"
"SPAIN";"SPANJE"
"Spanish";"Spaans"
"SRI LANKA";"SRI LANKA"
"Sub heading";"Sub rubriek"
"SUDAN";"SUDAN"
"Sundanese";"Sundanese"
"superadministrator";"superadministrator"
"Support technique";"Ondersteuning techniek"
"SURINAME";"SURINAME"
"SVALBARD AND JAN MAYEN";"Spitsbergen en Jan Mayen"
"Swahili";"Swahili"
"Swati";"Swati"
"SWAZILAND";"SWAZILAND"
"SWEDEN";"ZWEDEN"
"Swedish";"Zweeds"
"SWITZERLAND";"ZWITSERLAND"
"SYRIAN ARAB REPUBLIC";"SYRISCHE ARABISCHE REPUBLIEK"
"Table";"Tafel"
"Tagalog";"Tagalog"
"Tahitian";"Tahitian"
"TAIWAN, PROVINCE OF CHINA";"Taiwan, Provincie van China"
"Tajik";"Tadzjiekse"
"TAJIKISTAN";"TADZJIKISTAN"
"Tamil";"Tamil"
"TANZANIA, UNITED REPUBLIC OF";"Tanzania, Verenigde Republiek VAN"
"Tatar";"Tartaar"
"Telugu";"Telugu"
"Thai";"Thai"
"THAILAND";"THAILAND"
"The color code can be use to identify this page visually in the public side. It should be an HTML compatible color. (optional)";"De kleurcode kan gebruiken om deze pagina visueel te identificeren in de publieke kant. Het moet een HTML-compatibele kleur. (Optioneel)"
"The group of users which could access this page and its children.";"De groep van gebruikers die deze pagina en de kinderen konden openen."
"The main category for this page.";"De belangrijkste categorie voor deze pagina."
"This is a short description of the page, for example to be shown as tooltip or help on the public side. (optional)";"Dit is een korte beschrijving van de pagina, bijvoorbeeld worden weergegeven als tooltip of hulp aan de publieke kant. (Optioneel)"
"This represent the approximate number of times this page was displayed.";"Dit vertegenwoordigt bij benadering het aantal keren dat deze pagina wordt weergegeven."
"Tibetan";"Tibetaans"
"Tigrinya";"Tigrinya"
"TIMOR-LESTE";"OOST-TIMOR"
"TOGO";"TOGO"
"TOKELAU";"TOKELAU"
"TONGA";"TONGA"
"Tonga";"Tonga"
"Total hits";"Total hits"
"TRINIDAD AND TOBAGO";"TRINIDAD EN TOBAGO"
"Tsonga";"Tsonga"
"Tswana";"Tswana"
"TUNISIA";"TUNESIË"
"TURKEY";"TURKIJE"
"Turkish";"Turks"
"Turkmen";"Turkmeense"
"TURKMENISTAN";"TURKMENISTAN"
"TURKS AND CAICOS ISLANDS";"Turks-en Caicoseilanden"
"TUVALU";"TUVALU"
"Twi";"Twi"
"Twiter";"Twiter"
"UGANDA";"UGANDA"
"Uighur";"Oeigoerse"
"UKRAINE";"OEKRAÏNE"
"Ukrainian";"Oekraïens"
"UNITED ARAB EMIRATES";"Verenigde Arabische Emiraten"
"UNITED KINGDOM";"VERENIGD KONINKRIJK"
"UNITED STATES";"VERENIGDE STATEN"
"UNITED STATES MINOR OUTLYING ISLANDS";"Amerikaanse ondergeschikte afgelegen eilanden"
"Uploaded";"Geupload:"
"Urdu";"Urdu"
"URUGUAY";"URUGUAY"
"User info";"Gebruikers info"
"User's avatar";"User's avatar"
"User's detail";"Gebruikers detail"
"Username";"Gebruikersnaam"
"Uzbek";"Oezbeekse"
"UZBEKISTAN";"OEZBEKISTAN"
"Valable oui / non";"Valable oui / non"
"VANUATU";"VANUATU"
"VATICAN CITY STATE (HOLY SEE)";"VATICAANSTAD (Heilige Stoel)"
"Venda";"Venda"
"VENEZUELA";"VENEZUELA"
"Vertical";"Verticaal"
"Vertical counters";"Verticale tellers"
"VIET NAM";"VIETNAM"
"Vietnamese";"Vietnamees"
"View";"Zien"
"View details";"Bekijk details"
"View path";"Bekijk pad"
"Ville";"Ville"
"VIRGIN ISLANDS (BRITISH)";"Maagdeneilanden (Brits)"
"VIRGIN ISLANDS (U.S.)";"VIRGIN ISLANDS (US)"
"Volap?k";"Volap? K"
"WALLIS AND FUTUNA";"Wallis en Futuna"
"Walloon";"Waals"
"Welsh";"Wels"
"Western Frisian";"Fries"
"WESTERN SAHARA";"WESTERN SAHARA"
"Wolof";"Wolof"
"Xhosa";"Xhosa"
"YEMEN";"JEMEN"
"Yes";"Ja"
"Yiddish";"Jiddisch"
"Yoruba";"Yoruba"
"You can define here some layout specification if this page needs to be different than the default page (having the default template and layout)";"U kunt hier definiëren een aantal lay-out specificaties als deze pagina moet anders zijn dan de standaard pagina (met de standaard template en lay-out)"
"Your browser doesn't have Flash, Silverlight, Gears, BrowserPlus or HTML5 support.";"Uw browser ondersteunt geen Flash, Silverlight, Gears, BrowserPlus of HTML5 ondersteuning."
"Your browser doesn't have Flash, Silverlight, Gears, BrowserPlus or HTML5 support.";"Uw browser ondersteunt geen Flash, Silverlight, Gears, BrowserPlus of HTML5 ondersteuning."
"YUGOSLAVIA";"JOEGOSLAVIË"
"ZAMBIA";"ZAMBIA"
"Zhuang";"Zhuang"
"ZIMBABWE";"ZIMBABWE"
"Zulu";"Zoeloe"
"trace.event.action.duplicate";"Duplicate content"
"trace.event.action.toggleonline";"Stelt online-inhoud"
"trace.event.action.duplicate_content_pages";"Dupliceren van een pagina"
"trace.event.action.update_content_pages";"Werk pagina-inhoud"
"trace.event.action.editmlsmailings";"Bewerk een nieuwsbrief"
"trace.event.action.deletemlsmailings";"Verwijder een nieuwsbrief"
"trace.event.action.updatemlsmailings";"Bijwerken van een nieuwsbrief"
"trace.event.action.editmlsrecipients";"Bewerken nieuwsbrief ontvanger van"
"trace.event.action.deletemlsrecipients";"Verwijder de nieuwsbrief van de ontvanger"
"trace.event.action.updatemlsrecipients";"Update nieuwsbrief ontvanger van"
"trace.event.action.editmlsrecipientsgroups";"Bewerken nieuwsbrief groep"
"trace.event.action.deletemlsrecipientsgroups";"Verwijder nieuwsbrief groep"
"trace.event.action.updatemlsrecipientsgroups";"Update nieuwsbrief groep"
"trace.event.action.editmlsstats";"Bewerk nieuwsbrief stats"
"trace.event.action.deletemlsstats";"Verwijder nieuwsbrief stats"
"trace.event.action.updatemlsstats";"Update nieuwsbrief stats"
"trace.event.action.editmlstemplates";"Bewerk nieuwsbrief template"
"trace.event.action.deletemlstemplates";"Verwijder nieuwsbrief template"
"trace.event.action.updatemlstemplates";"Update nieuwsbrief template"
"alnumInvalid";"\"Ongeldig gegeven . Tekenreeks, geheel getal of zweven verwacht\""
"notAlnum";"' %value% ' personages die zijn niet alfabetisch en geen cijfers bevat"
"alnumStringEmpty";"' %value% ' is een lege string"
"alphaInvalid";"Ongeldig gegeven . String verwacht"
"notAlpha";"' %value% ' bevat niet- alfabetische tekens"
"alphaStringEmpty";"' %value% ' is een lege string"
"barcodeFailed";"' %value% ' is mislukt checksum validatie"
"barcodeInvalidChars";"' %value% ' bevat ongeldige tekens"
"barcodeInvalidLength";"' %value% ' moet een lengte hebben van % length % tekens hebben"
"barcodeInvalid";"Ongeldig gegeven . String verwacht"
"notBetween";"\"' %value% ' is niet tussen ' % min % ' en ' %max% ' , inclusief\""
"notBetweenStrict";"' %value% ' is niet strikt tussen ' % min % ' en ' %max% '"
"ccnumLength";"' %value% ' moet tussen 13 en 19 cijfers bevatten"
"ccnumChecksum";"Luhn algoritme ( mod - 10 checksum ) gefaald op '%value% '"
"dateInvalid";"\"Ongeldig gegeven . String , integer , array of Zend_Date verwacht\""
"dateInvalidDate";"' %value% ' lijkt geen geldige datum zijn"
"dateFalseFormat";"' %value% ' past niet in de datumnotatie ' % format % '"
"notDigits";"' %value% ' mag alleen cijfers bevatten"
"digitsStringEmpty";"' %value% ' is een lege string"
"digitsInvalid";"\"Ongeldig gegeven . Tekenreeks, geheel getal of zweven verwacht\""
"emailAddressInvalid";"Ongeldig gegeven . String verwacht"
"emailAddressInvalidFormat";"' %value% ' is geen geldig e-mailadres in de basis formaat lokaal - gedeelte @ hostname"
"emailAddressInvalidHostname";"' %hostname% ' is geen geldige hostnaam voor email adres ' %value% '"
"emailAddressInvalidMxRecord";"' %hostname% ' lijkt niet een geldig MX-record voor het e-mailadres ' %value% ' hebben"
"emailAddressInvalidSegment";"' %hostname% ' is niet in een routable netwerksegment . Het e-mailadres ' %value%' moet niet worden opgelost door openbaar netwerk"
"emailAddressDotAtom";"' %localPart% ' kan niet tegen dot - atoom -formaat worden afgestemd"
"emailAddressQuotedString";"' %localPart% ' kan niet tegen citeerde -string -formaat worden afgestemd"
"emailAddressInvalidLocalPart";"' %localPart% ' is geen geldige lokale gedeelte voor email adres ' %value% '"
"emailAddressLengthExceeded";"' %value% ' de toegestane lengte overschrijdt"
"floatInvalid";"\"Ongeldig gegeven . Tekenreeks, geheel getal of zweven verwacht\""
"notFloat";"' %value% ' lijkt niet een float te zijn"
"notGreaterThan";"' %value% ' is niet meer dan ' % min % '"
"hexInvalid";"Ongeldig gegeven . String verwacht"
"notHex";"' %value% ' heeft niet alleen hexadecimale cijfers tekens"
"hostnameCannotDecodePunycode";"\"' %value% ' lijkt een DNS hostnaam , maar het gegeven punycode notatie kan niet worden gedecodeerd\""
"hostnameInvalid";"Ongeldig gegeven . String verwacht"
"hostnameDashCharacter";"\"' %value% ' lijkt te zijn van een DNS- hostnaam , maar bevat een streepje in een ongeldige positie\""
"hostnameInvalidHostname";"' %value% ' niet overeenkomt met de verwachte structuur voor een DNS- hostnaam"
"hostnameInvalidHostnameSchema";"\"' %value% ' lijkt een DNS hostnaam , maar kan niet tippen tegen hostnaam schema voor TLD ' % tld % '\""
"hostnameInvalidLocalName";"' %value% ' lijkt geen geldige lokale netwerk naam worden"
"hostnameInvalidUri";"' %value% ' lijkt geen geldige URI hostnaam"
"hostnameIpAddressNotAllowed";"\"' %value% ' lijkt een IP-adres te zijn , maar IP-adressen zijn niet toegestaan\""
"hostnameLocalNameNotAllowed";"\"' %value% ' lijkt een lokaal netwerk naam zijn, maar lokale netwerk namen zijn niet toegestaan\""
"hostnameUndecipherableTld";"' %value% ' lijkt een DNS hostnaam maar TLD gedeelte kan niet uitpakken"
"hostnameUnknownTld";"\"' %value% ' lijkt een DNS hostnaam , maar kan niet overeen TLD tegen bekende lijst\""
"notSame";"De twee gegeven tokens niet overeenkomen"
"missingToken";"Geen token werd verstrekt aan wedstrijd tegen"
"notInArray";"' %value% ' is niet gevonden in de hooiberg"
"intInvalid";"Ongeldig gegeven . String of integer verwacht"
"notInt";"' %value% ' lijkt niet op een geheel getal zijn"
"ipInvalid";"Ongeldig gegeven . String verwacht"
"notIpAddress";"' %value% ' lijkt geen geldig IP-adres zijn"
"notLessThan";"' %value% ' is niet minder dan ' %max% '"
"isEmpty";"Waarde is verplicht en kan niet leeg zijn"
"notEmptyInvalid";"\"Ongeldig gegeven . String , integer , float , boolean of matrix verwacht\""
"regexInvalid";"\"Ongeldig gegeven . Tekenreeks, geheel getal of zweven verwacht\""
"regexNotMatch";"' %value% ' komt niet overeen met patroon ' % pattern % '"
"regexErrorous";"Er is een interne fout tijdens het gebruik van het patroon ' % pattern % '"
"stringLengthInvalid";"Ongeldig gegeven . String verwacht"
"stringLengthTooShort";"' %value% ' is minder dan % min % tekens lang"
"stringLengthTooLong";"' %value% ' is meer dan % max% tekens lang"
