"code";"English";"French";"Dutch";"Chinese";"German";"Japanese"
"1st ID Expiry Date";"1st ID Expiry Date";"Première date d'expiration ID";"1e ID Vervaldatum";"第一个ID到期日期";"1. ID Ablaufdatum";"第一IDの有効期限"
"1st ID Number";"1st ID Number";"1er numéro ID";"1e ID-nummer";"第一ID号";"1. ID-Nummer";"第一ID番号"
"1st ID type";"1st ID type";"1er type ID";"1e ID-type";"第一类ID";"1. Typ-ID";"第一のタイプID"
"2G/3G service";"2G/3G service";"Services 2G/3G";"2G/3G dienst";"2G/3G服务";"2G/3G Dienst";"2G/3Gサービス"
"2nd ID Expiry Date";"2nd ID Expiry Date";"2ème date d'expiration ID";"2e ID Vervaldatum";"第二个ID到期日期";"2. ID Ablaufdatum";"第二IDの有効期限"
"2nd ID Number";"2nd ID Number";"Numéro d'identification deuxième";"2e ID-nummer";"第二个ID号码";"2. ID-Nummer";"第二のID番号"
"2nd ID type";"2nd ID type";"Type ID deuxième";"2e ID-type";"第二个类型ID";"2. Typ-ID";"第二のタイプID"
"active";"Is active?";"Est-il actif?";"Actief is?";"是积极的吗？";"Aktiv ist?";"アクティブですか？"
"address";"Address";"Adresse";"Adres";"地址";"Adresse";"アドレス"
"allowEmpty";"Allow Empty?";"Laissez vide?";"Laat leeg?";"允许空？";"Lassen Sie leer?";"空許可しますか？"
"applog";"Application LOG";"LOG demande";"Toepassing LOG";"日志应用";"LOG Anwendung";"アプリケーションのLOG"
"Attach scanned signed contract:";"Attach scanned signed contract:";"Fixez numérisée contrat signé:";"Bevestig gescande ondertekende contract:";"附上扫描的签订的合同：";"Bringen Sie gescannte unterzeichneten Vertrag:";"スキャンされた署名された契約書を添付："
"Attached scanned ID document";"Attached scanned ID document";"Attaché document d'identité numérisée";"Bijgevoegde gescand identiteitsbewijs";"附加扫描的文档ID";"Angehängte gescannte Dokument ID";"添付のスキャンされた文書ID"
"Automatic Reload?";"Automatic Reload?";"Recharger automatique?";"Automatisch herladen?";"自动重装吗？";"Automatische Reload?";"自動リロード？"
"Barcode";"Barcode";"Barcode";"Barcode";"条码";"Strichcode";"バーコード"
"billingaddress";"Billing address";"Adresse de facturation";"Factuuradres";"帐单地址";"Rechnungsadresse";"請求先住所"
"Birth Date";"Birth Date";"Date de naissance";"Geboortedatum";"出生日期";"Geburtsdatum";"生年月日"
"birthdate";"Birthdate";"Date de naissance";"Geboortedatum";"生日";"Geburtstag";"生年月日"
"cardtypes";"Card types";"Types de cartes";"Kaarttypes";"卡类型";"Kartentypen";"カードの種類"
"CCard Number";"CCard Number";"Nombre CCard";"C Card Number";"数CCard";"Anzahl CCARD";"番号CCard"
"CCard Owner";"CCard Owner";"Propriétaire CCard";"C Card Owner";"CCard业主";"CCARD Owner";"CCard所有者"
"CCard Type";"CCard Type";"Type de CCard";"C Card Type";"类型CCard";"Typ CCARD";"タイプCCard"
"ccnumChecksum";"This credit card number is not valid";"Ce numéro de carte de crédit n'est pas valide";"Het creditcardnummer is niet geldig";"这张信用卡号码无效";"Die Kreditkartennummer ist nicht gültig";"このクレジットカード番号が有効ではありません"
"Change Password";"Change Password";"Changer mot de passe";"Wachtwoord wijzigen";"更改密码";"Kennwort ändern";"パスワードの変更"
"city";"City";"Ville";"City";"城市";"City";"シティ"
"city";"City";"Ville";"City";"城市";"City";"シティ"
"City";"City";"Ville";"City";"城市";"City";"シティ"
"classname";"Class Name";"Nom de classe";"Class Naam";"类名“";"Class Name";"クラス名"
"Clear";"Clear";"Effacer";"Wis";"清除";"Löschen";"明確な"
"code";"Short internal code";"Court code interne";"Korte interne code";"简短的内部代码";"Short internen Code";"ショート内部コード"
"Confirm";"Confirm";"Confirmer";"Bevestigen";"确认";"Bestätigen";"確認する"
"Confirm";"Confirm";"Confirmer";"Bevestigen";"确认";"Bestätigen";"確認する"
"Confirm New Password";"Confirm New Password";"Confirmer le nouveau mot";"Nieuw wachtwoord bevestigen";"确认新密码";"Neues Passwort bestätigen";"新しいパスワードの確認"
"Contract Duration";"Contract Duration";"Durée du contrat";"Contract Duur";"合同期限";"Vertragsdauer";"契約期間"
"contractraw";"Contract RAW data";"Contractez les données RAW";"Contract RAW-gegevens";"合同RAW数据";"Vertrag RAW-Daten";"契約RAWデータ"
"contracts";"Contracts";"Contrats";"Contracten";"合同";"Verträge";"契約"
"countries";"Countries";"Pays";"Landen";"国家";"Länder";"国"
"countries_id";"Country";"Pays";"Land";"国家";"Land";"カントリー"
"County";"County";"Comté";"Provincie";"县";"Grafschaft";"郡"
"Credit Card";"Credit Card";"Carte de crédit";"Creditkaart";"信用卡";"Credit Card";"クレジットカード"
"CTC SIM Card Number";"CTC SIM Card Number";"Numéro de la CCT carte SIM";"CTC SIM-kaart nummer";"CTC SIM卡号码";"CTC SIM Card Number";"CTCのSIMカード番号"
"custname";"Customer First Name";"Nom du client d'abord";"Customer First Name";"客户名";"Kunden Vorname";"カスタマーファーストネーム"
"custname2";"Customer Last Name";"Nom du client Dernière";"Klant Achternaam";"客户的姓";"Kunden Nachname";"顧客姓"
"Customer Identification";"Customer Identification";"Identification du client";"Klant Identificatie";"客户标识";"Customer Identification";"顧客の識別"
"Customer Identification [new activation]";"Customer Identification";"Identification du client";"Klant Identificatie";"客户标识";"Customer Identification";"顧客の識別"
"Customer Name";"Customer Name";"Nom du client";"Klantnaam";"客户名称";"Name des Kunden";"顧客名"
"customers";"Customers";"Clientèle";"Klanten";"客户";"Kundschaft";"お客様"
"customers_id";"Customer";"Client";"Klant";"顾客";"Kunde";"顧客"
"customertype";"Customer types";"Types de clients";"Soorten klanten";"客户类型";"Kundentypen";"顧客タイプ"
"customertype_id";"Customer Type";"Type de client";"Klant Type";"客户类型";"Kundentyp";"顧客タイプ"
"CVC Number";"CVC Number";"Nombre CVC";"CVC nummer";"CVC号码";"CVC-Nummer";"CVCナンバー"
"Date";"Date";"Date";"Datum";"日期";"Datum";"日付"
"datecreation";"Creation date";"Date de création";"Creatie datum";"创建日期";"Erstellungsdatum";"作成日"
"datemodification";"Modification date";"Date de modification";"Wijziging datum";"修改日期";"Änderungsdatum";"変更日"
"Dealer Login";"Dealer Login";"Accès revendeurs";"Dealer Login";"经销商登录";"Händler-Login";"ディーラーログイン"
"desc";"Description";"Description";"Beschrijving";"描述";"Beschreibung";"説明"
"description";"Description";"Description";"Beschrijving";"描述";"Beschreibung";"説明"
"Donor MSISDN";"Donor MSISDN";"Donateurs MSISDN";"Donor MSISDN";"捐助者MSISDN";"Donor MSISDN";"ドナーMSISDN"
"Donor Operator Name";"Donor Operator Name";"Nom de l'opérateur donneur d'";"Donor Operator Naam";"捐助者操作员姓名";"Donor Operator Name";"ドナーオペレータ名"
"E-Mail Address";"E-Mail Address";"Adresse e-mail";"E-mail adres";"E-Mail地址";"E-Mail-Adresse";"E-Mailアドレス"
"elementname";"Element Name";"Nom de l'élément";"Element Name";"元素名称";"Element Name";"要素名"
"email";"Email address";"Adresse e-mail";"E-mail adres";"电邮地址";"E-Mail-Adresse";"メールアドレス"
"email";"Email Address";"Adresse e-mail";"E-mail adres";"电邮地址";"E-Mail-Adresse";"メールアドレス"
"ERRLENGTH";"The length of this field is not right";"La longueur de ce champ n'est pas juste";"De lengte van dit veld is niet goed";"这个字段的长度是不正确的";"Die Länge dieses Feldes ist nicht richtig";"このフィールドの長さが正しくありません"
"Errors:";"Errors:";"Erreurs:";"Fouten:";"错误：";"Fehler:";"エラー："
"ERROTHERCNT";"One of the other contact information field should be filled for a post-paid customer";"L'un des champs autres informations de contact doit être rempli pour un client post-payé";"Een van de andere contactinformatie veld moet worden ingevuld voor een post-paid klant";"的其他联系信息领域应有一个充满后付费客户";"Einer der anderen Kontaktinformationen Feld shoulds für eine post-paid Kunden auszufüllen";"その他の連絡先情報フィールドshouldsの一つは、ポストペイド顧客のために満たされる"
"ERRSIMNR";"The SIM card number is not valid";"Le numéro de la carte SIM n'est pas valide";"De SIM-kaart nummer is niet geldig";"SIM卡号码是无效​​的";"Die SIM-Karte ungültig ist";"SIMカード番号が有効ではありません"
"ERRWRIDNUM";"This document ID is not valid";"Cet ID document n'est pas valable";"Dit document ID is niet geldig";"这个文件是无效的ID";"Dieses Dokument ist nicht gültig ID";"このドキュメントでは、有効なIDではありません"
"Expiry Month";"Expiry Month";"Mois d'expiration";"Vervaldatum Maand";"到期月份";"Gültig Monat";"有効期限月"
"Expiry Year";"Expiry Year";"Année d'expiration";"Vervaldatum Jaar";"到期年";"Gültig Jahr";"有効期限年"
"fax";"Fax number";"Numéro de fax";"Faxnummer";"传真号";"Faxnummer";"ファクス番号"
"FLNAMES";"This field contains unauthorized characters";"Ce champ contient des caractères non autorisés";"Dit veld bevat niet-geautoriseerde tekens";"此字段包含未经授权的字符";"Dieses Feld enthält unerlaubte Zeichen";"このフィールドには、不正な文字が含まれている"
"flows";"Flows";"Flux";"Stromen";"流";"Flows";"流れ"
"flows_id";"Flow";"Flux";"Stroom";"流";"Fluss";"流れ"
"fname";"First Name";"Prénom";"Voornaam";"名字";"Vorname";"ファーストネーム"
"form";"Forms";"Formes";"Formulieren";"表格";"Forms";"フォーム"
"form_id";"Form's name";"Formulaire de nom";"Vorm de naam van";"窗体的名称";"Der Name der Form";"フォームの名前"
"formdisplaygroup";"Display group";"Afficher groupe";"Weergave groep";"显示组";"Anzeige Gruppe";"グループを表示"
"formelements";"Fields";"Champs";"Velden";"字段";"Felder";"フィールズ"
"FormelementsFormdisplaygroup";"Display Groups";"Afficher les groupes";"Weergave Groepen";"显示组";"Display Groups";"表示グループ"
"FormelementsFormfilters";"Filters";"Filtres";"Filters";"过滤器";"Filter";"フィルター"
"FormelementsFormvalidators";"Validators";"Validateurs";"Validators";"验证器";"Validators";"バリ"
"formelementsjsfilter";"Fields Javascript libs";"Champs libs Javascript";"Velden Javascript libs";"使用Javascript库字段";"Javascript libs Felder";"Javascriptのlibsのフィールド"
"formelementsjsfilter_id";"JS lib name";"JS lib nom";"JS lib naam";"JS库名称";"JS lib Namen";"JSのlibの名前"
"formelementsjsfilterparams";"JS params";"JS params";"JS params";"JS PARAMS";"JS params";"JSのparamsを"
"formelementtypes";"Fields types";"Types de champs";"Velden types";"字段种";"Felder Arten";"フィールドの種類"
"formelementtypes_id";"Element type";"Type d'élément";"Elementtype";"元素类型";"Elementtyp";"要素型"
"formfilters";"Value filter";"Valeur de filtre";"Waarde filter";"值过滤器";"Wert-Filter";"値フィルタ"
"formraw";"Forms saved";"Les formulaires enregistrés";"Formulieren opgeslagen";"形式保存";"Formulare gespeichert";"フォームが保存され"
"formvalidators";"Value validator";"Valeur de validation";"Waarde validator";"值的验证";"Wert validator";"値バリ"
"Gender";"Gendercompanyname";"Gendercompanyname";"Gendercompanyname";"Gendercompanyname";"Gendercompanyname";"Gendercompanyname"
"generationdate";"Generation date";"Date de génération";"Generatie datum";"生成日期";"Erstellungsdatum";"生成日"
"Go Back";"Go Back";"Revenir en arrière";"Ga terug";"返回";"Zurück";"戻る"
"Go Back to Login";"Go Back to Login";"Retour à Connexion";"Terug naar login";"返回到登录";"Zurück zum Login";"ログインに戻る"
"Hao Kan card number/C4 credit card";"Hao Kan card number/C4 credit card";"Hao Kan carte number/C4 carte de crédit";"Hao Kan kaart number/C4 creditcard";"郝侃卡刷卡number/C4";"Hao Kan card per Kreditkarte number/C4";"ハオ菅カードクレジットカードnumber/C4"
"Home Phone";"Home Phone";"Téléphone à la maison";"Telefoon thuis";"家庭电话";"Home Phone";"自宅の電話"
"homephone";"Home phone number";"Numéro de téléphone à domicile";"Telefoonnummer thuis";"家庭电话号码";"Startseite Telefonnummer";"自宅の電話番号"
"idcardexpd1";"ID document #1 expiration date";"Document d'identité n ° 1 date d'expiration";"ID document # 1 vervaldatum";"文件ID＃1到期日";"Document ID # 1 Ablaufdatum";"ドキュメントID＃1有効期限"
"idcardexpd2";"ID document #2 expiration date";"Document d'identité n ° 2 date d'expiration";"ID document # 2 vervaldatum";"文件ID＃2截止日期";"Dokument-ID Nr. 2 Ablaufdatum";"ドキュメントID＃2有効期限"
"idcardnbr1";"ID document #1 number";"Document d'identité n ° 1 numéro";"ID document # 1 nummer";"文件ID＃1";"Dokument-ID-Nummer # 1";"ドキュメントID番号＃1"
"idcardnbr2";"ID document #2 number";"Document d'identité n ° 2 nombre";"ID document # 2 aantal";"文件ID号码＃2";"Dokument-ID-Nummer # 2";"ドキュメントID番号＃2"
"isocode";"ISO code";"Code ISO";"ISO-code";"ISO代码";"ISO-Code";"ISOコード"
"Itemized Bill?";"Itemized Bill?";"Détaillés du projet de loi?";"Gespecificeerde rekening?";"逐项比尔？";"Aufgeführt Bill?";"項目別のビル？"
"JCB";"JCB";"JCB";"JCB";"JCB";"JCB";"JCB"
"label";"Label";"Étiquette";"Label";"标签";"Etikett";"ラベル"
"languages";"Languages";"Langues";"Talen";"语言";"Sprachen";"言語"
"languages_id";"Language";"Langue";"Taal";"语";"Sprache";"言語"
"listvals";"Value lists";"Les listes de valeurs";"Invoerlijsten";"值列表";"Wertelisten";"値リスト"
"listvalsgroups";"Value lists groups";"Listes de valeurs des groupes";"Invoerlijsten groepen";"值列表组";"Wertelisten Gruppen";"値リストグループ"
"listvalsgroups_id";"Value list group";"Groupe de liste de valeurs";"Value list groep";"值“列表组";"Werteliste Gruppe";"値リストのグループ"
"listzhcounty";"Chinese Counties";"Comtés chinois";"Chinese Counties";"中国县";"Chinese Counties";"中国の郡"
"listzhtownship";"Chinese Townships";"Cantons chinois";"Chinese Townships";"中国乡镇";"Chinesische Townships";"中国シップス"
"lname";"Last Name";"Nom de famille";"Achternaam";"姓";"Nachname";"姓"
"Login";"Login";"Login";"Inloggen";"注册";"Login";"ログイン"
"login";"Login";"Login";"Inloggen";"注册";"Login";"ログイン"
"Loss";"Loss";"Perte";"Verlies";"损失";"Verlust";"損失"
"loyacardnbr";"Loyalty Card Number";"Numéro de la carte de fidélisation";"Loyalty Kaartnummer";"会员卡号";"Loyalty Card-Nummer";"忠誠カード番号"
"LR ID Expiry Date";"LR ID Expiry Date";"LR ID Date d'expiration";"LR ID Vervaldatum";"LR ID到期日";"LR ID Ablaufdatum";"LRの番号有効期限"
"LR ID Number";"LR ID Number";"LR Numéro d'identification";"LR ID-nummer";"LR ID号";"LR ID-Nummer";"LRのID番号"
"LR ID Type";"LR ID Type";"LR ID du type de";"LR ID Type";"LR型ID";"LR Type ID";"LRタイプID"
"LR Phone";"LR Phone";"Téléphone LR";"LR Telefoon";"LR电话";"LR Phone";"LR電話"
"LR's Name";"LR's Name";"LR Nom";"LR Naam";"LR的名字";"LR Name";"LRの名前"
"maritalstatus";"Marital status";"Etat civil";"Huwelijkse staat";"婚姻状况";"Familienstand";"配偶者の有無"
"Married?";"Married?";"Marié?";"Getrouwd?";"结婚了吗？";"Verheiratet?";"結婚した？"
"MasterCard";"MasterCard";"MasterCard";"MasterCard";"万事达卡";"MasterCard";"マスターカード"
"mdname";"Middle name";"Deuxième prénom";"Middelste naam";"中间名字";"Zweiter Vorname";"ミドルネーム"
"Migration";"Migration";"Migration";"Migratie";"迁移";"Migration";"マイグレーション"
"MNP";"MNP";"MNP";"MNP";"MNP";"MNP";"MNP"
"Monthly";"Monthly";"Mensuel";"Maandelijks";"每月一次";"Monatlich";"毎月"
"msisdn";"GSM number";"Numéro de GSM";"GSM-nummer";"GSM数字";"GSM-Nummer";"GSMの数"
"MSISDN";"MSISDN";"MSISDN";"MSISDN";"MSISDN";"MSISDN";"MSISDN"
"name";"Name";"Nom";"Naam";"名称";"Name";"名前"
"nationalities";"Nationalities";"Nationalités";"Nationaliteiten";"民族";"Nationalitäten";"国籍"
"nationalities_id";"Nationality";"Nationalité";"Nationaliteit";"国籍";"Staatsangehörigkeit";"国籍"
"Nationality";"Nationality";"Nationalité";"Nationaliteit";"国籍";"Staatsangehörigkeit";"国籍"
"nationality";"Nationality";"Nationalité";"Nationaliteit";"国籍";"Staatsangehörigkeit";"国籍"
"New Activation";"New Activation";"Activation Nouveau";"Nieuwe Activering";"新启动";"New Activation";"新しいアクティベーション"
"New Password";"New Password";"Nouveau mot de passe";"Nieuw wachtwoord";"新密码";"New Password";"新パスワード"
"New SIM Number";"New SIM Number";"Nouveau numéro de la carte SIM";"Nieuwe SIM-nummer";"新SIM卡号码";"New SIM-Nummer";"新しいSIMの番号"
"Next";"Next";"Suivant";"Volgende";"下";"Nächste";"次の"
"Office Phone";"Office Phone";"Téléphone Bureau";"Office Phone";"办公电话";"Office Phone";"オフィスの電話"
"officephone";"Office phone number";"Téléphone au bureau";"Het telefoonnummer van";"办公室电话号码";"Büronummer";"オフィスの電話番号"
"Old Password";"Old Password";"Ancien mot de passe";"Oud wachtwoord";"旧密码";"Altes Passwort";"古いパスワード"
"Option";"Option";"Option";"Optie";"选项";"Option";"オプション"
"order";"Order";"Ordre";"Volgorde";"秩序";"Bestellen";"オーダー"
"Other MSISDN";"Other MSISDN";"MSISDN Autre";"Andere MSISDN";"其他MSISDN";"Andere MSISDN";"他のMSISDN"
"othermsisdn";"Other GSM number";"Autre numéro de GSM";"Andere GSM-nummer";"其他GSM数";"Andere GSM-Nummer";"他のGSM番号"
"parent_id";"linked to";"lié à";"verbonden";"链接";"verbunden mit";"にリンクされている"
"password";"Password";"Mot de passe";"Wachtwoord";"密码";"Kennwort";"パスワード"
"Password";"Password";"Mot de passe";"Wachtwoord";"密码";"Kennwort";"パスワード"
"password2";"Re-type password";"Re-type password";"Typ het wachtwoord opnieuw";"重新输入密码";"Re-type password";"パスワードを再入力"
"Payment Information";"Payment Information";"Conditions de vente";"Betaling informatie";"付款信息";"Zahlungsinformationen";"支払情報"
"Payment Method";"Payment Method";"Mode de paiement";"Methode van de betaling";"付款方法";"Zahlungsart";"支払方法"
"paymentmethods";"Payment methods";"Modes de paiement";"Betaalmogelijkheden";"付款方式";"Zahlungsarten";"お支払い方法"
"Permanent address";"Permanent addresscompanyname";"Addresscompanyname permanent";"Permanente addresscompanyname";"站在addresscompanyname";"Stehend addresscompanyname";"立ちaddresscompanyname"
"phone";"Telephone number";"Numéro de téléphone";"Telefoonnummer";"电话号码";"Telefonnummer";"電話番号"
"phone";"Telephone number";"Numéro de téléphone";"Telefoonnummer";"电话号码";"Telefonnummer";"電話番号"
"Please complete or correct the field(s) in the red boxes and click on NEXT";"Please complete or correct the field(s) in the red boxes and click on NEXT";"S'il vous plaît compléter ou de corriger le domaine (s) dans les cases rouges et cliquez sur SUIVANT";"Vul of de veld (en) te corrigeren in de rode dozen en klik op Volgende";"请填写正确的金矿田（S）以红色方框，然后点击“下一步”";"Bitte füllen Sie die richtige gold field (s) in den roten Boxen und klicken Sie auf WEITER";"赤いボックスに適切なゴールドフィールド（複数可）を記入し、[Next]をクリックしてください。"
"Please complete or correct the field(s) in the red boxes and click on VALIDATE";"Please complete or correct the field(s) in the red boxes and click on VALIDATE";"S'il vous plaît compléter ou de corriger le domaine (s) dans les cases rouges et cliquez sur VALIDER";"Vul of de veld (en) te corrigeren in de rode dozen en op VALIDATE klik";"请填写正确的金矿田（S）的红色框，单击验证";"Bitte füllen Sie die richtige gold field (s) in den roten Kästchen und klicken auf Bestätigen";"赤いボックスに適切なゴールドフィールド（複数可）を記入して、VALIDATEをクリックしてください"
"Postpaid";"Postpaid";"Port payé";"Postpaid";"后付费";"Postpaid";"郵便料金別納の"
"Postpaid to Prepaid";"Postpaid to Prepaid";"Postpaid Prépayé";"Postpaid naar Prepaid";"预缴合约到";"Prepaid Postpaid um";"プリペイドポストペイドへ"
"Pre-assigned Number?";"Pre-assigned Number?";"Pré-sélection de numéro?";"Vooraf toegewezen nummer?";"预先指定的号码是多少？";"Vorbelegt Nummer?";"事前に割り当てられた番号は何番ですか？"
"Prepaid";"Prepaid";"Prépayé";"Vooruitbetaald";"预付";"Vorausbezahlt";"プリペイドの"
"Prepaid to Postpaid";"Prepaid to Postpaid";"Prepaid Postpaid à";"Prepaid te Postpaid";"预缴合约到";"Prepaid Postpaid um";"プリペイドポストペイドへ"
"Previous";"Previous";"Précédent";"Vorig";"前";"Früher";"前"
"Print";"Print";"Imprimer";"Afdrukken";"打印";"Drucken";"印刷"
"printable";"Is printable?";"Est-printable?";"Is afdrukbare?";"是可打印的吗？";"Druckbar ist?";"印刷可能なのですか？"
"Product & Services";"Product & Services";"Produits & Services";"Producten & Diensten";"产品与服务";"Produkte & Dienstleistungen";"製品＆サービス"
"Product & Services [new activation]";"Product & Services";"Produits & Services";"Producten & Diensten";"产品与服务";"Produkte & Dienstleistungen";"製品＆サービス"
"province";"State / Province";"État / Province";"Staat / Provincie";"州/省";"Staat / Provinz";"州/地方"
"rawdata";"Serialized objects";"Les objets sérialisés";"Geserialiseerde objecten";"序列化对象";"Serialisierte Objekte";"シリアライズされたオブジェクト"
"REJECT 1";"This customer is younger than 20 years old  ";"Ce client est de moins de 20 ans";"Deze klant is jonger dan 20 jaar oud";"此客户是年龄超过20岁";"Dieser Kunde ist jünger als 20 Jahre alt";"この顧客は、より若い20歳です"
"REJECT 10";"Risk customer 03";"03 du risque client";"Risico klant 03";"03客户风险";"03 Customer Risk";"03顧客のリスク"
"REJECT 2";"This customer is younger than 20 years old ";"Ce client est de moins de 20 ans";"Deze klant is jonger dan 20 jaar oud";"此客户是年龄超过20岁";"Dieser Kunde ist jünger als 20 Jahre alt";"この顧客は、より若い20歳です"
"REJECT 3";"This customer ID has expired";"Cet identifiant client a expiré";"Deze klant-id is verstreken";"此客户ID已过期";"Dieser Kunde ID abgelaufen";"この顧客IDの有効期限が切れてい"
"REJECT 4";"Over prepaid card number limitation ";"Au cours de votre numéro de carte prépayée limitation";"Meer dan prepaid card nummer beperking";"以上充值卡数的限制";"Über Prepaid-Karten-Nummer Einschränkung";"プリペイドカード番号の限界を超えた"
"REJECT 5";"Over postpaid card number limitation ";"Au fil postpayés limitation quant au nombre de cartes";"Meer dan postpaid kaartnummer beperking";"超过后付费卡数的限制";"Über Postpaid Kartennummer Einschränkung";"ポストペイドカード番号の制限オーバー"
"REJECT 6";"Over postpaid card number limitation";"Au fil postpayés limitation quant au nombre de cartes";"Meer dan postpaid kaartnummer beperking";"超过后付费卡数的限制";"Über Postpaid Kartennummer Einschränkung";"ポストペイドカード番号の制限オーバー"
"REJECT 7";"Over prepaid card number limitation";"Au cours de votre numéro de carte prépayée limitation";"Meer dan prepaid card nummer beperking";"以上充值卡数的限制";"Über Prepaid-Karten-Nummer Einschränkung";"プリペイドカード番号の限界を超えた"
"REJECT 8";"Risk customer 01";"01 du risque client";"Risico klant 01";"01客户风险";"01 Customer Risk";"01顧客のリスク"
"REJECT 9";"Risk customer 02";"02 du risque client";"Risico klant 02";"02客户风险";"02 Customer Risk";"02顧客のリスク"
"REJECTCCNOTVALID";"The credit card has expired";"La carte de crédit a expiré";"De creditcard is verlopen";"信用卡已过期";"Die Kreditkarte ist abgelaufen";"クレジットカードの期限が切れました"
"REJECTCCNOTVALID";"The credit card has expired";"La carte de crédit a expiré";"De creditcard is verlopen";"信用卡已过期";"Die Kreditkarte ist abgelaufen";"クレジットカードの期限が切れました"
"REJECTSEXNOTMACH";"The selected gender does not mach the ID document information provided";"Le genre choisi ne mach les informations du document d'identification fourni";"De geselecteerde geslacht geen mach het identiteitsbewijs informatie";"选择性别不匹配的文档ID提供的资料";"Das ausgewählte Geschlecht nicht mach das Dokument ID Informationen Vorausgesetzt";"選択した性別が提供マッハドキュメントIDの情報はありません"
"Reload Frequency";"Reload Frequency";"Recharger Fréquence";"Pagina vernieuwen Frequentie";"刷新频率";"Reload Frequency";"周波数をリロード"
"Reload Limit";"Reload Limit";"Recharger limite";"Pagina vernieuwen Limit";"刷新限制";"Seite neu laden Grenzwert";"リミットをリロード"
"Reload Method";"Reload Method";"Recharger méthode";"Pagina vernieuwen Methode";"刷新方法";"Reload-Methode";"メソッドをリロード"
"Reload Value";"Reload Value";"Recharger Valeur";"Pagina vernieuwen Value";"重载值";"Reload-Wert";"値をリロード"
"Replacement Reason";"Replacement Reason";"Raison de remplacement";"Vervanging Reden";"更换原因";"Ersatz Reason";"交換理由"
"required";"Is required?";"Est nécessaire?";"Is er nodig?";"是必需的？";"Wird benötigt?";"必要ですか？"
"Salesman ID";"Salesman ID";"ID vendeur";"Verkoper ID";"推销员ID";"Salesman ID";"セールスマンのID"
"Same billing address?";"Same billing address?";"Même adresse de facturation?";"Zelfde factuuradres?";"相同的帐单地址是什么？";"Same Rechnungsadresse?";"同じ請求先住所？"
"Search";"Search";"Rechercher";"Zoek";"搜索";"Suchen";"検索"
"services";"Services";"Services";"Diensten";"服务";"Dienstleistungen";"サービス"
"sex";"Sex";"Sexe";"Seks";"性";"Sex";"セックス"
"Sign";"Sign";"Signer";"Ondertekenen";"签署";"Unterzeichnen";"署名する"
"sim";"SIM card number";"Numéro de la carte SIM";"SIM-kaartnummer";"SIM卡号码";"SIM-Kartennummer";"SIMカードの番号"
"SIM Card Identification";"SIM Card Identification";"Carte SIM d'identification";"SIM-kaart Identificatie";"SIM卡识别";"SIM Card Identification";"SIMカードの識別"
"SIM Card Identification [new activation]";"SIM Card Identification";"Carte SIM d'identification";"SIM-kaart Identificatie";"SIM卡识别";"SIM Card Identification";"SIMカードの識別"
"SIM Card Number";"SIM Card Number";"Numéro de la carte SIM";"SIM-kaart nummer";"SIM卡号码";"SIM Karten-Nummer";"SIMのカード番号"
"Sim SWAP";"Sim SWAP";"SWAP Sim";"Sim SWAP";"辛SWAP";"Sim SWAP";"シム·スワップ"
"state";"State or Township";"État ou canton";"Staat of Township";"国家或乡";"Staat oder Township";"状態または郷"
"Store ID/Store Stamp";"Store ID/Store Stamp";"ID magasin / boutique Stamp";"Store ID / Store Stamp";"商店ID /邮票商店";"Shop ID / Stamp Shop";"ストアID /スタンプストア"
"street";"Street name";"Nom de la rue";"Straatnaam";"街道名称";"Straßennamen";"仲買人名義"
"Street Name + Number";"Street Name + Number";"Nom de la rue + numéro";"Straatnaam + nummer";"街道名称+编号";"Strasse + Nummer";"ストリート名+番号"
"streetnum";"Street number";"Numéro de rue";"Huisnummer";"街号";"Hausnummer";"番地"
"Tariff plan";"Tariff plan";"Plan tarifaire";"Tariefplan";"月费计划";"Tarifplan";"関税計画"
"tariffplans";"Tariffplans";"Tariffplans";"Tariffplans";"Tariffplans";"Tariffplans";"Tariffplans"
"tariffplans_id";"Tariff plan";"Plan tarifaire";"Tariefplan";"月费计划";"Tarifplan";"関税計画"
"Techn Problem";"Techn Problem";"Reporter un problème Techn";"Techn Probleem";"问题技术部历史";"Problem Techn";"問題Techn"
"Time";"Time";"Temps";"Tijd";"时间";"Zeit";"時間"
"url";"Website's url";"Site web url";"URL van website";"网站的网址";"Website-URLs";"ウェブサイトのURL"
"users";"Users";"Utilisateurs";"Gebruikers";"用户";"Benutzer";"ユーザー"
"users_id";"User";"Utilisateur";"Gebruiker";"使用";"Verwenden";"使用"
"usersgroups";"Users groups";"Les groupes d'utilisateurs";"Gebruikers groepen";"用户组";"Benutzergruppen";"ユーザーグループ"
"usersgroups_id";"Group";"Groupe";"Groep";"组";"Gruppe";"グループ"
"userspos";"Users Point of Sales";"Utilisateurs point de vente";"Gebruikers Point of Sales";"用户的销售点";"Benutzer Point of Sales";"ユーザーは、Point Of Sales：販売時点情報管理"
"userspos_id";"Point of sale";"Point de vente";"Point of sale";"销售点";"Point of sale";"販売場所"
"userspostype";"Users Point of Sale types";"Utilisateurs Point of Sale types";"Gebruikers Point of Sale types";"点销售用户类型";"Point of Sale Nutzer-Typ";"販売ユーザータイプのポイント"
"userspostype_id";"Type of Point of Sale";"Type de point de vente";"Aard van de Point of Sale";"销售点的类型";"Art der Point of Sale";"販売のポイントの種類"
"valid";"Valid yes/no";"Valable oui / non";"Geldig ja / nee";"有效的是/否";"Gültig ja / nein";"有効はい/いいえ"
"Validation";"Validation";"Validation";"Bevestiging";"验证";"Bestätigung";"検証"
"validfromdate";"Valid from";"Valable à partir du";"Geldig van";"有效期从";"Gültig ab";"から有効な"
"validtodate";"Valid to";"Valable pour";"Geldig tot";"有效期至";"Gültig bis";"への有効"
"value";"Value";"Valeur";"Waarde";"值";"Wert";"値"
"VISA";"VISA";"VISA";"VISA";"VISA";"VISA";"VISA"
"When limit is reached";"When limit is reached";"Lorsque la limite est atteinte";"Als limiet is bereikt";"当达到限制";"Bei Erreichen des Grenzwerts";"上限に達している場合"
"Wished porting date ";"Wished porting date";"Date de portage souhaité";"Ik zou willen dat porteringsdatum";"希望移植时间";"Wünschte Portierung Zeit";"望ん移植時"
"Wrong Usage";"Wrong Usage";"Utilisation incorrecte";"Verkeerde Gebruik";"错误的使用";"Falsche Nutzung";"誤った使用"
"Your password has been changes successfully";"Your password has been changes successfully";"Votre mot de passe a été avec succès les changements";"Uw wachtwoord is veranderingen met succes";"您的密码已经过气政客成功交换";"Ihr Passwort muss-Beens erfolgreich Austausch";"パスワードが正常に交換持っ-beens"
"zip";"Zip code / Postal code";"Code postal / Code postal";"Postcode / Postcode";"邮编/邮政编码";"PLZ / PLZ";"郵便番号/郵便番号"
"ZIP Code";"Zip code / Postal code";"Code postal / Code postal";"Postcode / Postcode";"邮编/邮政编码";"PLZ / PLZ";"郵便番号/郵便番号"
"BDATENOTVALID";"Birth date must be greater then 1900/01/01";"Date de naissance doit être plus tard 01/01/1900";"Geboortedatum moet groter zijn dan 1900/01/01";"出生日期必须大于1900年1月1日";"Geburtsdatum muss größer sein als 1900.01.01";"生年月日は1900年1月1日後、大きくなければなりません。"
"default";"Home";"Maison";"Thuis";"家";"Zuhause";"ホーム"
"admindashboard";"Dashboard";"Tableau de bord";"Dashboard";"仪表盘";"Armaturenbrett";"ダッシュボード"
"adminpages";"Pages";"Pages";"Pagina's";"页";"Seiten";"ページ"
"adminfiles";"Files";"Fichiers";"Bestanden";"档";"Files";"ファイル"
"adminpeople";"People";"Personnes";"Mensen";"人";"Menschen";"人"
"adminsnippets";"Snippets";"Snippets";"Snippets";"片段";"Snippets";"スニペット"
"adminapplications";"Applications";"Applications";"Toepassingen";"应用";"Anwendungen";"アプリケーション"
"adminnews";"News";"Nouvelles";"Nieuws";"新闻";"Nachrichten";"ニュース"
"adminanalytics";"Analytics";"Analytique";"Analytics";"Google Analytics（分析）";"Analytics";"分析論"
"admincalendar";"Calendar";"Calendrier";"Kalender";"日历";"Kalender";"カレンダー"
"applog";"System: Application Log";"Système: Application Connexion";"Systeem: Application Inloggen";"“系统”：“应用程序日志”";"System: Application Log";"システム：アプリケーションログ"
"companies";"Sydney: Companies";"Sydney: les entreprises";"Sydney: Bedrijven";"悉尼：公司";"Sydney: Unternehmen";"シドニー：企業"
"countries";"Sydney: Countries";"Sydney: les pays";"Sydney: Landen";"悉尼：国家";"Sydney: Länder";"シドニー：国"
"filfiles";"Files: Files elements";"Fichiers: Fichiers éléments";"Bestanden: Bestanden elementen";"文件：文件项目";"Dateien: Dateien Artikel";"ファイル：ファイルの項目"
"filfolders";"Files: Folders";"Fichiers: Dossiers";"Bestanden: Mappen";"文件文件夹";"Dateien Ordner";"ファイルのフォルダ"
"filtype";"Files: types";"Fichiers: types";"Bestanden: types";"文件：类型";"Files: Typen";"ファイル：タイプ"
"form";"Form: forms";"Forme: les formes";"Vorm: vormen";"形式：形式";"Form: Formen";"フォーム：フォーム"
"formcat";"Form: form categories";"Forme: Catégories de forme";"Vorm: vorm categorieën";"形式：形式分类";"Form: Form Kategorien";"form：フォームカテゴリ"
"formdisplaygroup";"Form: Display groups (blocks)";"Forme: Afficher les groupes (blocs)";"Vorm: Display groepen (blokken)";"形式：显示组（块）";"Form: Anzeige Gruppen (Blöcke)";"形式：表示グループ（ブロック）"
"formelements";"Form: form elements (fields)";"Forme: éléments de formulaire (champs)";"Vorm: vormelementen (velden)";"形式：表单元素（字段）";"Form: Formular-Elemente (Felder)";"フォーム：フォーム要素（フィールド）"
"formelementsjsfilter";"Form: JS filters";"Forme: JS filtres";"Vorm: JS filters";"形式：JS过滤器";"Form: JS-Filter";"フォーム：JSのフィルタ"
"formelementtypes";"Form: elements types";"Forme: éléments de types";"Vorm: elementen types";"形式：元素类型";"Form: Elemente Typ";"フォーム：要素タイプ"
"formfilters";"Form: filters";"Forme: filtres";"Vorm: filters";"形式：过滤器";"Form: Filter";"フォーム：フィルター"
"formraw";"Form: raw form data";"Forme: premières données du formulaire";"Vorm: ruwe vorm gegevens";"形式：原始数据形式";"Form: Rohdaten Form";"形式：RAWデータ形式"
"formvalidators";"Form: Validators";"Forme: validateurs";"Vorm: Validators";"形式：校验";"Form: Validators";"フォーム：バリ"
"hosclients";"Hosting management: Clients";"Hébergement de gestion des clients:";"Hosting beheer: Klanten";"虚拟主机管理：客户端";"Hosting Management: Clients";"ホスティング管理：クライアント"
"hoscontacts";"Hosting management: Contacts";"Hébergement de gestion: Personnes-ressources";"Hosting management: Contacten";"主机管理：联系方式";"Hosting-Management: Kontakte";"ホスティング管理：コンタクト"
"hosdomainnames";"Hosting management: Domaines";"Hébergement de gestion: Domaines";"Hosting management: Domaines";"托管管理区";"Hosting Management: Areas";"ホスティング管理：エリア"
"hoshostings";"Hosting management: Hostings";"Hébergement de gestion: plans d'hébergements";"Hosting management: Hostings";"主机管理：hostings的";"Hosting Management: Hostings";"ホスティング管理：hostings"
"hosservers";"Hosting management: Servers";"Hébergement de serveurs de gestion:";"Hosting management: Servers";"虚拟主机管理：服务器";"Hosting Management: Server";"ホスティング管理：サーバ"
"languages";"System: Language";"Système: Langue";"Systeem: Taal";"系统：语言";"System: Sprache";"システム：言語"
"listvals";"Form: Value lists";"Forme: Les listes de valeurs";"Vorm: Prijs lijsten";"形式：值列表";"Form: Wertelisten";"フォーム：値リスト"
"listvalsgroups";"Form: value list groups";"Forme: groupes de la liste de valeurs";"Vorm: waardenlijst groepen";"形式：值列表组";"Form: Werteliste Gruppen";"フォーム：値リストグループ"
"pagdivs";"Pages: Divs (content)";"Pages: DIV (contenu)";"Pagina's: Div-elementen (inhoud)";"页数：Div的（内容）";"Seiten: Divs (Inhalt)";"ページ：絶対位置（コンテンツ）"
"pagdivtypes";"Pages: Divs types";"Pages: divs types";"Pagina's: Div-elementen types";"页数：Div的各种";"Seiten: Divs Arten";"ページ：絶対位置の種類"
"pagmenus";"Pages: Menus";"Pages: Menus";"Pagina's: Menu's";"页数：菜单";"Seiten: Menüs";"ページ：メニュー"
"pagstructure";"Pages: Structure";"Pages: Structure";"Pagina's: Structuur";"页面结构";"Seiten: Structure";"ページ：構造"
"safactivitylog";"Sydney: Activity log";"Sydney: journal d'activité";"Sydney: Activiteit log";"悉尼：活动日志";"Sydney: Aktivitätsprotokoll";"シドニー：アクティビティログ"
"safcontrollers";"Sydney: Controllers";"Sydney: Contrôleurs";"Sydney: Controllers";"悉尼：控制器";"Sydney: Controller";"シドニー：コントローラ"
"safinstances";"Sydney: Webinstances";"Sydney: Webinstances";"Sydney: Webinstances";"悉尼：Webinstances";"Sydney: Webinstances";"シドニー：Webinstances"
"safmodules";"Sydney: Modules";"Sydney: Modules";"Sydney: Modules";"悉尼：模块";"Sydney: Modules";"シドニー：モジュール"
"temp";"System: temp";"Système: temp";"Systeem: temp";"系统：温度";"System: temp";"システム：一時"
"tmscompanies";"Timeshoot: Companies";"Timeshoot: Sociétés";"Timeshoot: Bedrijven";"Timeshoot公司";"Timeshoot: Unternehmen";"Timeshoot会社："
"tmsprojects";"Timeshoot: Projects";"Timeshoot: Projets";"Timeshoot: Projecten";"Timeshoot：项目";"Timeshoot: Projekte";"Timeshoot：プロジェクト"
"tmssubprojects";"Timeshoot: Sub-Projects";"Timeshoot: sous-projets";"Timeshoot: Sub-projecten";"Timeshoot：分项目";"Timeshoot: Sub-Projekte";"Timeshoot：サブプロジェクト"
"tmstasks";"Timeshoot: Tasks";"Timeshoot: Tâches";"Timeshoot: Taken";"Timeshoot：任务";"Timeshoot: Aufgaben";"Timeshoot：タスク"
"tmstimesheets";"Timeshoot: timesheets";"Timeshoot: feuilles de temps";"Timeshoot: timesheets";"Timeshoot：时间表";"Timeshoot: Stundenzettel";"Timeshoot：タイムシートを"
"users";"Sydney: Users";"Sydney: Utilisateurs";"Sydney: Gebruikers";"悉尼用户";"Sydney Benutzer";"シドニーユーザー"
"usersgroups";"Sydney: Users'Groups";"Sydney: Users'Groups";"Sydney: Users'Groups";"悉尼：Users'Groups";"Sydney: Users'Groups";"シドニー：Users'Groups"
"general.intdesc";"File type";"Type de fichier";"Bestandstype";"文件类型";"Dateityp";"ファイルの種類"
"general.filesize";"Weight";"Poids";"Gewicht";"重量";"Gewicht";"重量"
"general.filemtime";"Creation date";"Date de création";"Creatie datum";"创建日期";"Erstellungsdatum";"作成日"
"img.width";"Width";"Largeur";"Breedte";"宽度";"Breite";"幅"
"img.height";"Height";"Hauteur";"Hoogte";"高度";"Höhe";"高さ"
"img.COMPUTED.ApertureFNumber";"Aperture";"Ouverture";"Opening";"光圈";"Blende";"アパーチャ"
"img.IFD0.Make";"Camera make";"Caméra faire";"Cameramerk";"相机品牌";"Kamerahersteller";"カメラが作る"
"img.IFD0.Model";"Camera model";"Modèle d'appareil";"Cameramodel";"相机型号";"Kameramodell";"カメラモデル"
"img.IFD0.DateTime";"Date taken";"Date de prise de";"Opnamedatum";"拍摄日期";"Aufnahmedatum";"撮影日時"
"img.EXIF.ExposureTime";"Exposure Time";"Temps d'exposition";"Belichtingstijd";"曝光时间";"Belichtungszeit";"露光時間"
"img.EXIF.ISOSpeedRatings";"ISO";"ISO";"ISO";"ISO";"ISO";"ISO"
"img.EXIF.Flash,""Flash used""";;;;;;
"img.EXIF.FocalLength";"Focal Length";"Focale";"Focus afstand";"焦距";"Brennweite";"焦点距離"
"img.EXIF.ImageUniqueID";"Image Unique ID";"ID de l'image unique";"Afbeelding Unique ID";"图像唯一ID";"Bild Eindeutige ID";"画像ユニークID"
"video.hasaudio";"Has audio";"A audio";"Heeft audio";"有音频";"Hat Audio";"オーディオ持って"
"video.hasvideo";"Has video";"Doté d'une vidéo";"Heeft video";"有视频";"Hat Video";"ビデオを持っています"
"video.framewidth";"Width";"Largeur";"Breedte";"宽度";"Breite";"幅"
"video.frameheight";"Height";"Hauteur";"Hoogte";"高度";"Höhe";"高さ"
"video.framecount";"Total frames";"Total des images";"Totaal frames";"总帧数";"Insgesamt Frames";"総フレーム"
"video.framerate";"Frame rate";"Frame rate";"Framesnelheid";"帧速率";"Bildfrequenz";"フレームレート"
"video.duration";"Duration";"Durée";"Duur";"为期";"Dauer";"デュレーション"
"video.bitrate";"Bitrate";"Bitrate";"Bitrate";"比特率";"Bitrate";"ビットレート"
"video.videocodec";"Video codec";"Codec vidéo";"Video codec";"视频编解码器";"Video-Codec";"ビデオコーデック"
"video.audiocodec";"Audio codec";"Codec audio";"Audio-codec";"音频编解​​码器";"Audio-Codec";"オーディオコーデック"
"video.audiosamplerate";"Audio sample rate";"Taux d'échantillonnage audio";"Audio sample rate";"音频采样率";"Audio-Abtastraten";"オーディオサンプルレート"
"video.audiochannels";"Audio channels";"Canaux audio";"Audiokanalen";"音频通道";"Audio-Kanäle";"オーディオチャンネル"
"video.audiobitrate";"Audio bitrate";"Bitrate audio";"Audio bitrate";"音频比特率";"Audio Bitrate";"オーディオのビットレート"
"video.videobitrate";"Video bitrate";"Bitrate vidéo";"Video bitrate";"视频码率";"Video-Bitrate";"ビデオのビットレート"
"img.IFD0.HostComputer";"Host Computer";"Ordinateur hôte";"Hostcomputer";"主机";"Host-Computer";"ホストコンピューター"
"img.EXIF.ShutterSpeedValue";"Shutter Speed";"Vitesse d'obturation";"Sluitertijd";"快门速度";"Verschlusszeit";"シャッタースピード"
"img.EXIF.ApertureValue";"Aperture";"Ouverture";"Opening";"光圈";"Blende";"アパーチャ"
"img.EXIF.ExposureIndex";"Exposure Index";"Indice d'exposition";"Exposure Index";"曝光指数";"Exposure Index";"露光指数"
"mp3.mediaType";"Media Type";"Type de support";"Mediatype";"媒体类型";"Medientyp";"メディアの種類"
"mp3.title";"Title";"Titre";"Titel";"标题";"Titel";"タイトル"
"mp3.publisher";"Publisher";"Éditeur";"Uitgever";"发行人";"Herausgeber";"パブリッシャー"
"mp3.genre";"Genre";"Genre";"Genre";"样";"Art";"種類"
"mp3.album";"Album";"Album";"Album";"专辑";"Album";"アルバム"
"mp3.track";"Track #";"Track #";"Track #";"追踪＃";"Track #";"＃トラック"
"mp3.recTime";"Recorded date";"Date d'enregistrement";"Opnamedatum";"录制时间";"Aufgenommene Zeit";"記録された時刻"
"mp3.band";"Band";"Bande";"Band";"带";"Band";"バンド"
"mp3.composer";"Composer";"Compositeur";"Componist";"组成";"Komponieren";"作曲する"
"mp3.artist";"Artist";"Artiste";"Kunstenaar";"艺术家";"Künstler";"アーティスト"
"mp3.length";"Length";"Longueur";"Lengte";"长度";"Länge";"長さ"
"safmodules_id";"Module";"Module";"Module";"模";"Modul";"モジュール"
"bugtypes_id";"Bug type";"Type de bug";"Fouttype";"问题类型";"Bug-Typ";"バグ型"
"comment";"Comment";"Commenter";"Commentaar";"如何";"Wie";"方法"
"safinstances_id";"Website instance";"Ainsi site web";"Website bijvoorbeeld";"网站的实例";"Website-Instanz";"ウェブサイトのインスタンス"
"admin";"Admin general";"Administrateur général";"Admin algemene";"一般管理员";"Allgemein Admin";"一般的な管理"
"admindb";"Admin DB";"DB Admin";"Admin DB";"管理员DB";"Admin DB";"管理DB"
"admindeveloper";"Developper admin";"Développeur d'administration";"Ontwikkelaar admin";"开发管理";"Entwickeln Sie Admin";"adminの開発"
"adminoet";"Order entry tool admin";"Administrateur outil de saisie des commandes";"Orderinvoer hulpmiddel admin";"订单录入管理工具";"Der Auftragseingang Admin-Tool";"注文入力管理ツール"
"oet";"Order entry tool public";"Publique outil de saisie des commandes";"Orderinvoer hulpmiddel publiek";"社会治安输入工具";"Öffentliche Ordnung Eingabe-Tool";"公序良俗入力ツール"
"safdoc";"Sydney Docs";"Sydney Docs";"Sydney Documenten";"悉尼文档";"Sydney Docs";"シドニードキュメント"
"adminlanguage";"Language management";"Gestion des langues";"Taal beheer";"语言管理";"Sprache-Management";"言語管理"
"adminhelp";"Help";"Aider";"Help";"帮助";"Hilfe";"助ける"
"admininvoicer";"Invoicer";"Invoicer";"Invoicer";"Invoicer";"Invoicer";"Invoicer"
"adminplanner";"Planner";"Planificateur";"Ontwerper";"规划人员";"Planer";"プランナー"
"adminsidebars";"Sidebars";"Encadrés";"Sidebars";"侧边栏";"Sidebars";"サイドバー"
"adminsongbird";"Songbird";"Oiseau chanteur";"Zangvogel";"鸣禽";"Singvogel";"歌姫"
"admintimeshoot";"Timeshoot";"Timeshoot";"Timeshoot";"Timeshoot";"Timeshoot";"Timeshoot"
"adminusers";"Users/People";"Utilisateurs / Personnes";"Gebruikers / Mensen";"用户/人";"Users / Menschen";"ユーザー/人"
"publicms";"Public website";"Site Web public";"Publieke website";"公共网站";"Öffentliche Website";"公開ウェブサイト"
"admindbexplorer";"DB explorer";"DB explorateur";"DB explorer";"DB探索";"DB erkunden";"DBは、探索"
"admincloudfiles";"Cloud File";"Fichier nuage";"Cloud File";"云文件";"Cloud Datei";"クラウドファイル"
"adminbugtrack";"Bug Tracking tool";"Outil de suivi des bogues";"Bug tracking tool";"问题跟踪工具";"Bug Tracking-Tool";"バグ追跡ツール"
"adminagenda";"Agenda";"Ordre du jour";"Agenda";"日记";"Tagebuch";"日記"
"title";"Title";"Titre";"Titel";"标题";"Titel";"タイトル"
"labelTitleHelp";"News/article title apearing in the list view";"Nouvelles / Titre de l'article apearing dans la vue liste";"Nieuws / titel van het artikel apearing in de lijstweergave";"新闻/文章标题在列表视图中apearing";"News / Titel des Artikels apearing in der Listenansicht";"リストビューにapearingニュース/記事タイトル"
"shortdesc";"Short Description";"Description courte";"Korte beschrijving";"简单介绍";"Kurzbeschreibung";"簡単な説明"
"labelShortdescHelp";"News/article summary, maximum 255 characters also apearing in the list view";"Nouvelles / article de synthèse, maximum 255 caractères apearing également dans la vue liste";"Nieuws / Article Summary, maximaal 255 tekens ook apearing in de lijstweergave";"新闻/文章摘要，最多255个字符相反的apearing在列表视图中";"News / Artikel Zusammenfassung, maximal 255 Zeichen aussi apearing in der Listenansicht";"ニュース/記事の要約、リストビュー内の最大255文字aussi apearing"
"redirectto";"Redirect the news to a page or file";"Rediriger les nouvelles sur une page ou d'un fichier";"Redirect het nieuws op een pagina of bestand";"重定向消息的网页或文件";"Leiten Sie die Nachricht zu einer Seite oder Datei";"ページまたはファイルにニュースをリダイレクト"
"labelRedirecttoHelp";"If this is filled, the news will link to this File/Page and content will not be shown";"Si cela est remplie, les nouvelles seront un lien vers ce fichier / Page et le contenu ne sera pas affiché";"Als dit is ingevuld, zal het nieuws link naar dit bestand / pagina en de inhoud wordt niet getoond";"如果这被填满，消息会链接到这个文件/页面和内容将不会显示";"Wenn diese gefüllt ist, wird die Nachricht auf diese Datei / Seite verknüpfen und Inhalte werden nicht angezeigt";"これがいっぱいになった場合、ニュースはこのファイル/ページへのリンクがありますし、コンテンツは表示されません"
"pubdate";"Publication date";"Date de publication";"Publicatiedatum";"出版日期";"Erscheinungsdatum";"刊行日"
"labelPubdateHelp";"Official publication date apearing in the view list";"Officiel apearing date de publication de la liste d'affichage";"Officiële publicatiedatum apearing in de weergave lijst";"官方的出版日期apearing在列表视图中";"Offizielle Veröffentlichung apearing in der Listenansicht";"リストビューにapearing公式刊行日"
"onlinefromdate";"Online from";"En ligne";"Online vanaf";"在线从";"Online aus";"からオンラインで"
"labelOnlinefromdateHelp";"Date on which this news/article will apear on the website";"Date à laquelle de nouvelles / article sera apear sur le site";"Datum waarop dit nieuws / artikel zal apear op de website";"这个消息/条的位置出现在网站上";"Datum, an dem dieser News / Artikel auf der Website apear wird";"このニュース/記事がウェブサイト上でつくれなる日付"
"expirationdate";"Online until";"Ligne jusqu'à ce que";"Online tot";"直到在线";"Bis Online";"オンラインまで"
"labelExpirationdateHelp";"Date on which this news/article will disapear";"Date à laquelle de nouvelles / article sera effacé";"Datum waarop dit nieuws / artikel zal disapear";"这则新闻/文章的日期将会消失";"Datum, an dem dieser News / Artikel wird verschwinden";"このニュース/記事がdisapearなる日付"
"online";"Published";"Publié";"Gepubliceerd";"发布时间";"Veröffentlicht";"公開された"
"labelOnlineHelp";"If checked, and if today's date is between the 'online from' and 'online until' dates the news will appear on the website.";"Si elle est cochée, et si la date du jour se situe entre le 'en ligne de »et« en ligne jusqu'à ce que «les nouvelles dates seront visibles sur le site.";"Als gecontroleerd en, indien de datum van vandaag tussen de 'online van' en 'online tot' dateert het nieuws verschijnt op de website.";"如果选中，如果今天的日期是河间乐从“和”网上直到“日期会出现在网站上的消息。";"Wenn aktiviert, und wenn das heutige Datum entre le online von 'und' Online-Bis ""Datum erscheint die Nachricht auf der Website.";"チェックした場合、今日の日付が 'までオンライン ""エントレLE'のオンライン 'とある場合、および日付はウェブサイト上でニュースを表示されます。"
"author";"Author";"Auteur";"Auteur";"作者";"Autor";"筆者"
"labelAuthorHelp";"The original author and/or publisher of this news/article";"L'auteur et / ou de l'éditeur de ces nouvelles / article";"De oorspronkelijke auteur en / of uitgever van dit nieuws / artikel";"这则新闻/文章的原始作者和/或发行人";"Der ursprüngliche Autor und / oder Herausgeber dieser news / article";"このニュース/記事の原作者および/または出版社"
"companyname";"Company name";"Raison sociale";"Bedrijfsnaam";"公司名称";"Firmenname";"会社名"
"contactname";"Contact name";"Nom du contact";"Contactpersoon";"联系人姓名";"Kontakt Namen";"名前にお問い合わせください"
"trace.event.create_content_page";"Content page created";"Page de contenu créé";"Inhoud pagina aangemaakt";"创建内容页";"Inhalt Seite erstellt";"作成したコンテンツページ"
"trace.event.update_content_page";"Content page updated";"Page de contenu mis à jour";"Inhoud pagina bijgewerkt";"内容更新的页面";"Inhalt aktualisierte Seite";"コンテンツ更新されたページ"
"trace.event.delete_content_page";"Content page deleted";"Page de contenu supprimé";"Inhoud pagina verwijderd";"删除内容页";"Inhalt Seite gelöscht";"コンテンツページは、削除された"
"trace.event.create_page";"New page created";"Nouvelle page créée";"Nieuwe pagina aangemaakt";"新创建的页面";"Die Seite wurde neu angelegt";"新しいページが作成され"
"trace.event.update_page";"Page updated";"Page mise à jour";"Pagina bijgewerkt";"页面更新";"Seite aktualisiert";"ページを更新"
"trace.event.delete_page";"Page deleted";"Supprimé Page";"Pagina verwijderd";"页面已删除";"Seite gelöscht";"ページ削除"
"trace.event.upload_file";"File uploaded";"Fichier téléchargé";"Bestand geupload";"上传文件";"Datei hochgeladen";"ファイルをアップロード"
"trace.event.update_file";"File updated";"Fichier mis à jour";"Bestand bijgewerkt";"文件更新";"Datei aktualisiert";"ファイル更新"
"trace.event.delete_file";"File deleted";"Fichier supprimé";"Bestand verwijderd";"文件删除";"Datei gelöscht";"ファイル削除"
"trace.event.create_news";"News created";"Nouvelles créée";"Nieuws aangemaakt";"新闻创建";"Nachrichten erstellt";"作成されたニュース"
"trace.event.update_news";"News updated";"Nouvelles mises à jour";"Nieuws update";"新闻更新";"News aktualisiert";"ニュース更新"
"trace.event.delete_news";"News deleted";"Nouvelles supprimé";"Nieuws verwijderd";"新闻删除";"Nachrichten gelöscht";"ニュースは削除された"
"trace.event.create_content_news";"Content news created";"Nouvelles contenu créé";"Gemaakte inhoud nieuws";"内容创建的新闻";"Inhalte erstellt News";"ニュースを作成したコンテンツ"
"trace.event.update_content_news";"Content news updated";"Nouvelles contenu mis à jour";"Inhoud nieuws bijgewerkt";"内容更新的新闻";"Inhalt aktualisierte Nachrichten";"コンテンツ更新ニュース"
"trace.event.delete_content_news";"Content news deleted";"Nouvelles contenu supprimé";"Inhoud nieuws verwijderd";"内容删除新闻";"Inhalt gelöscht News";"コンテンツ削除ニュース"
"trace.event.publish_news_0";"News published";"Nouvelles publiées";"Nieuws gepubliceerd";"新闻出版";"News veröffentlicht";"公開されたニュース"
"trace.event.publish_news_1";"News unpublished";"Nouvelles inédites";"Nieuws ongepubliceerde";"新闻中心未发表的";"Nachrichten unveröffentlichten";"未発表のニュース"
"trace.event.restore_page";"Page restored";"Page restauré";"Pagina hersteld";"页面恢复";"Seite wieder";"ページ復元"
"trace.event.settorecyclebin_page";"Page deleted";"Supprimé Page";"Pagina verwijderd";"页面已删除";"Seite gelöscht";"ページ削除"
"trace.event.publish_page";"Page published";"Page publiée";"Pagina gepubliceerd";"页面已发布";"Seite veröffentlicht";"ページ公表"
"trace.event.unpublish_page";"Page UnPublished";"Page inédites";"Pagina niet-gepubliceerde";"未出版的第";"Unveröffentlichte Seite";"未発表のページ"
"trace.event.reorder_page";"Page structure reordered";"Structure de la page réorganisés";"Pagina structuur nabesteld";"页重新排序的结构";"Seite umgeordneten Struktur";"ページの並べ替えられた構造"
"trace.event.action.publishnews";"news published";"nouvelles publiées";"nieuws gepubliceerd";"发布新闻";"veröffentlichten Nachrichten";"公開されたニュース"
"trace.event.action.unpublishnews";"news unpublished";"nouvelles inédites";"nieuws ongepubliceerde";"未发表的新闻";"unveröffentlichte News";"未発表のニュース"
"trace.event.action.createcontent";"content element(s) created";"élément de contenu (s) créée";"content-element (en) gemaakt";"创造快乐元素（S）";"gerne Element (en) erstellt";"幸せ要素（複数可）作成"
"trace.event.action.publispage";"page(s) published";"page (s) a publié";"pagina ('s) gepubliceerd";"页（s）出版";"Seite (n) veröffentlicht";"ページ公表"
"trace.event.action.unpublishpage";"page(s) unpublished";"page (s) non publiée";"pagina ('s) niet gepubliceerd";"页（s）未公布的";"Seite (n) nicht veröffentlichten";"ページ未発表"
"trace.event.action.updatepageorder";"page(s) re-ordered";"page (s) re-commandé";"pagina ('s) opnieuw besteld";"页（s）重新排序";"Seite (n) neu geordnet";"ページ再順序付け"
"trace.event.action.updatecontent";"content element(s) updated";"élément de contenu (s) Mise à jour";"content-element (en) bijgewerkt";"快乐元素（S）";"glücklich Element (e) aktualisiert";"幸せ要素（複数可）を更新"
"trace.event.action.deletecontent";"content element(s) deleted";"élément de contenu (s) supprimé";"content-element (en) verwijderd";"快乐元素已删除";"glücklich Element (e) gelöscht";"幸せの要素（s）は削除"
"trace.event.action.deletefile";"file(s) deleted";"fichier (s) supprimé";"bestand (en) verwijderd";"文件已删除";"Datei (en) gelöscht";"ファイル（複数可）を削除"
"trace.event.action.updatefile";"file(s) updated";"fichier (s) à jour";"bestand (en) bijgewerkt";"文件（S）更新";"Datei (en) aktualisiert";"ファイル（複数可）を更新"
"trace.event.action.uploadfile";"file(s) uploaded";"fichier (s) téléchargé";"bestand (en) geupload";"文件（S）上传";"Datei (en) hochgeladen";"ファイル（複数可）をアップロード"
"trace.event.action.restorecontent";"content restored";"contenu restauré";"herstelde inhoud";"很高兴恢复";"froh, wieder";"嬉しい復元"
"trace.event.action.deletenews";"news deleted";"nouvelles supprimés";"nieuws verwijderd";"新闻删除";"Nachrichten gelöscht";"ニュースは削除された"
"trace.event.action.update";"page element(s) updated";"élément de page (s) Mise à jour";"pagina-element (en) bijgewerkt";"页面元素（S）更新";"Seite Element (e) aktualisiert";"ページ要素（複数可）を更新"
"trace.event.action.insert";"page element(s) inserted";"élément de page (s) inséré";"pagina-element (en) geplaatst";"页面元素（S）插入";"Seitenelement (e) eingeführt wird";"挿入されたページ要素（複数可）"
"trace.event.action.delete";"page element(s) deleted";"élément de page (s) supprimée";"pagina-element (en) verwijderd";"删除页面元素（S）";"Seitenelement (s) gelöscht";"ページ要素（s）は削除"
"trace.event.action.publishdiv";"page element(s) published";"élément de page (s) a publié";"pagina-element (en) gepubliceerd";"页面元素（S）出版";"Seitenelement (e) veröffentlicht";"公開されたページの要素（複数可）"
"trace.event.action.unpublishdiv";"page element(s) set as draft";"élément de page (s) défini comme projet de";"pagina-element (en) in te stellen als concept";"草案设置为页面元素（S）";"Seitenelement (s) als Entwurf eingestellt";"下書きとして設定されたページの要素（複数可）"
"trace.event.action.createevent";"agenda event(s) created";"programme de l'événement (s) créé";"agenda evenement (en) gemaakt";"日历事件（s）创建";"Kalender Veranstaltung (en) erstellt";"カレンダーイベント（複数可）が作成"
"trace.event.action.updateevent";"agenda event(s) updated";"programme de l'événement (s) Mise à jour";"agenda evenement (en) bijgewerkt";"日历事件（s）";"Ereigniskalender (e) aktualisiert";"カレンダーイベント（複数可）を更新"
"trace.event.action.delevent";"agenda event(s) deleted";"programme de l'événement (s) supprimé";"agenda event (s) verwijderd";"日历事件已删除";"Ereigniskalender (s) gelöscht";"カレンダーイベント（s）は削除"
"trace.event.action.createpage";"page(s) added";"page (s) ajouté";"pagina ('s) toegevoegd";"页（s）";"Seite (n) hinzugefügt";"ページ（s）は追加された"
"trace.event.action.updatepage";"page(s) properties modified";"page (s) modifié propriétés";"pagina ('s) eigenschappen gewijzigd";"页（s）修改后的属性";"Seite (n) veränderten Eigenschaften";"ページ変更されたプロパティ"
"trace.event.action.update_workflow_status";"page element(s) status updated";"élément de page (s) statut mis à jour";"pagina-element (s) status bijgewerkt";"更新页面元素（S）状态";"Seite Element (e) Status aktualisiert";"更新されたページの要素（複数可）の状態"
"trace.event.action.insertnews";"news inserted";"nouvelles inséré";"nieuws geplaatst";"消息插入";"News eingefügt";"ニュース挿入"
"trace.event.action.updatenews";"news updated";"nouvelles mises à jour";"nieuws bijgewerkt";"最新消息";"aktualisierte Nachrichten";"最新のニュース"
"UPLOAD_ERR_OK";"The file uploaded with success.";"Le fichier téléchargé avec succès.";"Het bestand geupload met succes.";"文件上传成功。";"Die Datei wurde erfolgreich hochgeladen.";"ファイルには、成功を収めてアップロードしました。"
"UPLOAD_UNKNOW_ERROR";"Unknow error.";"Erreur inconnue.";"Unknow fout.";"未知错误。";"Unknow Fehler.";"unknowのエラー。"
"UPLOAD_ERR_INI_SIZE";"The uploaded file exceeds the upload_max_filesize directive in php.ini.";"Le fichier téléchargé excède la directive upload_max_filesize dans php.ini.";"Het geüploade bestand is groter dan de upload_max_filesize directive in php.ini.";"upload_max_filesize指令上传的文件超过了php.ini中。";"Die hochgeladene Datei upload_max_filesize in der Übertrifft php.ini.";"でアップロードされたファイルのupload_max_filesizeディレクティブはphp.iniを超えています。"
"UPLOAD_ERR_FORM_SIZE";"The uploaded file exceeds the MAX_FILE_SIZE directive that was specified in the HTML form.";"Le fichier téléchargé excède la MAX_FILE_SIZE qui a été spécifié dans le formulaire HTML.";"Het geüploade bestand is groter dan de MAX_FILE_SIZE richtlijn die is opgegeven in de HTML-formulier.";"上传的文件超过MAX_FILE_SIZE是在HTML表单中指定的指令。";"Die hochgeladene Datei überschreitet Das war das MAX_FILE_SIZE Richtlinie im HTML-Formular angegeben.";"アップロードされたファイルはHTMLフォームで指定されたMAX_FILE_SIZEディレクティブがあったことを超えています。"
"UPLOAD_ERR_PARTIAL";"The uploaded file was only partially uploaded.";"Le fichier n'a été que partiellement téléchargé.";"Het geüploade bestand is maar gedeeltelijk geupload.";"上传的文件只有部分被上传。";"Die hochgeladene Datei wurde nur teilweise hochgeladen.";"アップロードされたファイルは一部のみしかアップロードされました。"
"UPLOAD_ERR_NO_FILE";"No file was uploaded.";"Aucun fichier n'a été téléchargé.";"Geen bestand is geüpload.";"没有文件被上传。";"Es wurde keine Datei hochgeladen.";"ファイルをアップロードできませんでした。"
"UPLOAD_ERR_NO_TMP_DIR";"Missing a temporary folder.";"Manquantes dans un dossier temporaire.";"Het missen van een tijdelijke map.";"缺少临时文件夹。";"Fehlende einen temporären Ordner.";"一時フォルダが見つかりません。"
"UPLOAD_ERR_CANT_WRITE";"Failed to write file to disk.";"Impossible d'écrire le fichier sur le disque.";"Kan bestand naar de schijf te schrijven.";"无法写入到磁盘上的文件。";"Konnte die Datei auf die Festplatte schreiben.";"ディスクへのファイルの書き込みに失敗しました。"
"UPLOAD_ERR_EXTENSION";"A PHP extension stopped the file upload. PHP does not provide a way to ascertain which extension caused the file upload to stop; examining the list of loaded extensions with phpinfo() may help.";"Une extension PHP a arrêté le téléchargement de fichiers. PHP ne fournit pas un moyen de déterminer ce qui a causé l'extension du fichier téléchargé est d'arrêter; l'examen de la liste des extensions chargées avec la fonction phpinfo () peut aider.";"Een PHP extensie gestopt het bestand te uploaden. PHP heeft een manier die niet te bieden om vast te stellen welk toestel de oorzaak van de te uploaden om te stoppen; onderzoek van de lijst met geladen extensies met phpinfo () kan helpen.";"停止一个PHP扩展的文件上传。 PHP并没有提供一种方法，以确定导致上传的文件扩展名停止检查phpinfo（）函数加载的扩展列表可以帮助。";"Ein PHP-Erweiterung stoppte die Datei hochzuladen. PHP bietet keine Möglichkeit, festzustellen, welche die Dateiendung Upload zu stoppen verursacht; Prüfung der Liste der geladenen Erweiterungen mit phpinfo () kann helfen.";"PHPの拡張子は、ファイルのアップロードを停止しました。 PHPは、ファイル拡張子が停止するようにアップロード起因把握する方法も示されません。phpinfo（）を使ってロードされた拡張子のリストを調べると役立つことがあります。"
"lastpwdchanges";"Last password change";"Dernière modification de passe";"Laatste wijziging van het wachtwoord";"最后更改密码";"Letzte Änderung des Kennworts";"最後のパスワード変更"
"laststatuschange";"Last status change";"Dernier changement d'état";"Laatste statuswijziging";"最后的状态变化";"Letzten Status-Änderung";"最後のステータス変更"
"lastlogindate";"Last logged in";"Dernière connexion";"Laatste keer ingelogd";"上次登录";"Zuletzt eingeloggt";"最後にログイン"
"modifieddate";"Last modified";"Dernière modification de";"Laatst gewijzigd";"最后修改";"Zuletzt geändert";"最終更新日"
"unsubscribedate";"Deactivation date";"Date de désactivation";"Deactivering datum";"停用时间";"Deaktivierungszeit";"停止時間"
"subscribedate";"Creation date";"Date de création";"Creatie datum";"创建日期";"Erstellungsdatum";"作成日"
"You";"You";"Vous";"U";"您";"Sie";"あなた"
"You are ";"You are";"Vous êtes";"U bent";"您";"Sie sind";"あなたは"
"Your email adress ";"Your email adress";"Votre adresse email";"Uw e-mail adres";"您的电子邮件地址";"Ihre E-Mail-Adresse";"あなたのメールアドレス"
"Your message";"Your message";"Votre message";"Uw bericht";"您的邮件";"Ihre Nachricht";"あなたのメッセージ"
"Your message's subject";"Your message's subject";"Votre message sujet";"Uw bericht onderwerp van";"您的留言主题";"Ihre Nachricht den Betreff";"あなたのメッセージの件名"
"Your message";"Your message";"Votre message";"Uw bericht";"您的邮件";"Ihre Nachricht";"あなたのメッセージ"
"Your message ";"Your message";"Votre message";"Uw bericht";"您的邮件";"Ihre Nachricht";"あなたのメッセージ"
"For security reason, please enter the code below";"For security reason, please enter the code below";"Pour des raisons de sécurité, s'il vous plaît entrer le code ci-dessous";"Om veiligheidsredenen vragen wij u de onderstaande code";"出于安全考虑，请输入下面的代码";"Aus Sicherheitsgründen geben Sie bitte den nachfolgenden Code";"セキュリティ上の理由で、以下のコードを入力してください"
"submit";"Submit";"Soumettre";"Voorleggen";"提交";"Einreichen";"提出する"
"gototop";"Go to top";"Haut de la page";"Ga naar boven";"返回顶部";"Go to top";"ページのトップへ"
"Keywords";"Keywords";"Mots-clés";"Trefwoorden";"关键词";"Schlüsselwörter";"キーワード"
"ifyoulostyourpassword";"If you lost your password or want to reset your password, please fill up the following information and a new password will be sent to you by email.";"Si vous avez perdu votre mot de passe ou si vous voulez réinitialiser votre mot de passe, s'il vous plaît remplir les informations ci-dessous et un nouveau mot de passe vous sera envoyé par e-mail.";"Als u uw wachtwoord vergeten of wilt u uw wachtwoord opnieuw in te stellen, vul dan de volgende informatie en een nieuw wachtwoord zal naar u worden verzonden via e-mail.";"如果你失去了你的密码或者想重置密码，请填写以下信息，并通过电子邮件向您将感受到一个新的密码。";"Wenn Sie Ihr Passwort vergessen oder wollen Sie Ihr Passwort zurücksetzen, füllen Sie bitte die folgenden Informationen und ein neues Passwort wird Ihnen per E-Mail zu spüren sein.";"あなたのパスワードを紛失したり、パスワードをリセットしたい場合は、以下の情報を記入してくださいと新しいパスワードが電子メールによってあなたに感じられるだろう。"
"Publicmailinglist_sendemailsuccessAction";"Thank you! An email has been sent to your mailbox, please follow the link in this email to validate your enrolment to our newsletter.";"Je vous remercie! Un courriel a été envoyé à votre boîte aux lettres, s'il vous plaît suivez le lien dans cet email pour valider votre inscription à notre newsletter.";"Dank je wel! Een e-mail is verzonden naar uw mailbox, volg dan de link in deze e-mail om uw inschrijving te valideren aan voor onze nieuwsbrief.";"谢谢！一封电子邮件已经发送到您的邮箱，请按照此电子邮件中的链接以验证您的effectif去我们的时事通讯。";"Danke! Eine E-Mail an Ihre Mailbox gesendet wurde, folgen Sie bitte dem Link in dieser E-Mail an Ihren effectif de unseren Newsletter zu validieren.";"ありがとうございました！メールがあなたのメールボックスに送信されましたが、私たちのニュースレターにeffectifドを検証するために、このメールに記載のリンクに従ってください。"
"Publicmailinglist_sendemailerrorAction";"An error occured, we could not register your email. Please contact our support.";"Une erreur s'est produite, nous ne pouvions pas inscrire votre e-mail. S'il vous plaît contacter notre support.";"Er is een fout opgetreden, konden we niet te registreren e-mail. Neem contact op met onze support.";"发生错误，我们无法注册您的电子邮件。请联系我们的支持。";"Ein Fehler ist aufgetreten, wir konnten nicht registrieren Sie Ihre E-Mail. Bitte wenden Sie sich an unseren Support.";"エラーが発生しました、私達はあなたの電子メールを登録できませんでした。私たちのサポートに連絡してください。"
"Publicmailinglist_optinconfirmAction";"Thank you for the confirmation. You are now enrolled to our newsletter.";"Merci pour la confirmation. Vous êtes maintenant inscrit à notre newsletter.";"Bedankt voor de bevestiging. U bent nu ingeschreven voor onze nieuwsbrief.";"感谢您的确认。您现在已加入我们的时事通讯。";"Danke für die Bestätigung. Sie sind jetzt für unseren Newsletter eingeschrieben.";"確認していただきありがとうございます。あなたは今、私たちのニュースレターに登録されています。"
"Publicmailinglist_processAction";"Thank you! An email has been sent to your mailbox, please follow the link in this email to validate your enrolment to our newsletter.";"Je vous remercie! Un courriel a été envoyé à votre boîte aux lettres, s'il vous plaît suivez le lien dans cet email pour valider votre inscription à notre newsletter.";"Dank je wel! Een e-mail is verzonden naar uw mailbox, volg dan de link in deze e-mail om uw inschrijving te valideren aan voor onze nieuwsbrief.";"谢谢！一封电子邮件已经发送到您的邮箱，请按照此电子邮件中的链接以验证您的effectif去我们的时事通讯。";"Danke! Eine E-Mail an Ihre Mailbox gesendet wurde, folgen Sie bitte dem Link in dieser E-Mail an Ihren effectif de unseren Newsletter zu validieren.";"ありがとうございました！メールがあなたのメールボックスに送信されましたが、私たちのニュースレターにeffectifドを検証するために、このメールに記載のリンクに従ってください。"
"Publicmailinglist_optoutconfirmAction01";"Thank you, you have been deleted from our database";"Merci, vous avez été supprimé de notre base de données";"Dank je wel, ben je al verwijderd uit onze database";"谢谢你，你已经从我们的数据库中删除";"Vielen Dank, Sie haben aus unserer Datenbank gelöscht";"ありがとう、あなたは私たちのデータベースから削除されました"
"Publicmailinglist_optoutconfirmAction02";"You will not be unregistered. As you checked no.";"Vous ne serez pas non enregistrée. Comme vous avez coché aucune.";"U zult niet-geregistreerde. Als u gecontroleerd nee.";"你不会被注销。你检查。";"Sie werden nicht registriert. Haben Sie überprüft Nr.";"あなたが登録されていないではありません。あなたはチェックしていない。"
